<?xml version="1.0" encoding="utf-8"?>
<GameData>
	<LocalizedText>
		<Replace Tag="LOC_UNIT_CAMEL_ARCHER_NAME" Language="de_DE">
			<Text>Kamelbogenschütze</Text>
		</Replace>
		<Replace Tag="LOC_UNIT_CAMEL_ARCHER_DESCRIPTION" Language="de_DE">
			<Text>Arabische Spezialeinheit der Klassik. Erhält beim Kampf auf Wüsten und Ebenen +8 [ICON_Strength] zusätzlich.</Text>
		</Replace>
		<Replace Tag="LOC_UNIT_PELTAST_NAME" Language="de_DE">
			<Text>Peltast</Text>
		</Replace>
		<Replace Tag="LOC_UNIT_PELTAST_DESCRIPTION" Language="de_DE">
			<Text>Griechische Fernkampfeinheit die den Bogenschützen ersetzt. Stärker im Fernkampf und in der Verteidigung, aber lediglich 1 Reichweite.</Text>
		</Replace>
		<Replace Tag="LOC_UNIT_MINUTEMAN_NAME" Language="de_DE">
			<Text>Minuteman</Text>
		</Replace>
		<Replace Tag="LOC_UNIT_MINUTEMAN_DESCRIPTION" Language="de_DE">
			<Text>Amerikanische Spezialeinheit des Industriezeitalters, die den Musketier ersetzt. Stärker als der Musketier, erhält +5 [ICON_Strength] Kampfstärke, wenn er neben oder auf dem Heimatkontinent kämpft. Zusätzlich erhält er weitere +5 [ICON_Strength] bei Kämpfen in Wäldern oder Dschungeln.</Text>
		</Replace>
		<Replace Tag="LOC_UNIT_LANDSKNECHT_NAME" Language="de_DE">
			<Text>Landsknecht</Text>
		</Replace>
		<Replace Tag="LOC_UNIT_LANDSKNECHT_DESCRIPTION" Language="de_DE">
			<Text>Deutsche Spezialeinheit des Mittelalters, die den Pikenier ersetzt. Halbierte Kosten im Vergleich zum Pikenier, kann aber nur mit Gold erworben werden.</Text>
		</Replace>
		<Replace Tag="LOC_UNIT_PHALANX_NAME" Language="de_DE">
			<Text>Phalanx</Text>
		</Replace>
		<Replace Tag="LOC_UNIT_PHALANX_DESCRIPTION" Language="de_DE">
			<Text>Sumerische Spezialeinheit der Antike, die den Speerkämpfer ersetzt. Der Phalanx ist mit dem Bergbau verfügbar. +8 [ICON_Strength] im Umkreis von 8 Feldern einer Zikkurat-Modernisierung.</Text>
		</Replace>
		<Replace Tag="LOC_UNIT_CHOKONU_NAME" Language="de_DE">
			<Text>Cho-Ko-Nu</Text>
		</Replace>
		<Replace Tag="LOC_UNIT_CHOKONU_DESCRIPTION" Language="de_DE">
			<Text>Chinesische Fernkampfeinheit des Mittelalters, die den Armbrustschützen ersetzt. Etwas schwächer als der Armbrustschütze, kann aber zwei Mal pro Runde feuern.</Text>
		</Replace>
		<Replace Tag="LOC_UNIT_RIFLEMAN_NAME" Language="de_DE">
			<Text>Schütze</Text>
		</Replace>
		<Replace Tag="LOC_UNIT_RIFLEMAN_DESCRIPTION" Language="de_DE">
			<Text>Nahkampfeinheit des Industriezeitalters.</Text>
		</Replace>
		<Replace Tag="LOC_UNIT_JINETE_NAME" Language="de_DE">
			<Text>Jinete</Text>
		</Replace>
		<Replace Tag="LOC_UNIT_JINETE_DESCRIPTION" Language="de_DE">
			<Text>Spanische Reitereinheit, die den Reiter ersetzt. Wandelt 50% der [ICON_Strength] Kampfstärke einer besiegten Einheit, zu Glauben [ICON_Faith] um, wenn auf dem Kontinent der Hauptstadt gekämpft wird.</Text>
		</Replace>
		<Replace Tag="LOC_UNIT_EQUITE_NAME" Language="de_DE">
			<Text>Eques</Text>
		</Replace>
		<Replace Tag="LOC_UNIT_EQUITE_DESCRIPTION" Language="de_DE">
			<Text>Römische Kavallerieeinheit, die den Reiter ersetzt. Erhält +5 [ICON_Strength] Kampfstärke, neben einem Krieger oder Legionär. Wandelt 50% der [ICON_Strength] Kampfstärke einer besiegten Einheit zu Gold [ICON_Gold] um.</Text>
		</Replace>
		<Replace Tag="LOC_UNIT_DRUZHINA_NAME" Language="de_DE">
			<Text>Druschina</Text>
		</Replace>
		<Replace Tag="LOC_UNIT_DRUZHINA_DESCRIPTION" Language="de_DE">
			<Text>Russische Kavallerieeinheit, die den Reiter ersetzt. +5 [ICON_Strength] Kampfstärke gegenüber verletzten Einheiten und +4 [ICON_Strength] Kampfstärke gegen Nahkampfeinheiten.</Text>
		</Replace>
		<Replace Tag="LOC_UNIT_HIRDMAN_NAME" Language="de_DE">
			<Text>Waräger</Text>
		</Replace>
		<Replace Tag="LOC_UNIT_HIRDMAN_DESCRIPTION" Language="de_DE">
			<Text>Norwegische Spezialeinheit des Mittelalters, die den Schwertkämpfer ersetzt. +5 [ICON_Strength] Kampfstärke. Wandelt  50 % der [ICON_Strength] Kampfstärke einer besiegten Einheit, in [ICON_Culture] Kultur um, wenn auf dem Kontinent der Hauptstadt gekämpft wird</Text>
		</Replace>
		<Replace Tag="LOC_UNIT_MUGHAL_SOWAR_NAME" Language="de_DE">
			<Text>Mughal Sowar</Text>
		</Replace>
		<Replace Tag="LOC_UNIT_MUGHAL_SOWAR_DESCRIPTION" Language="de_DE">
			<Text>Indische schwere Kavallerieeinheit des Mittelalters, die den Ritter ersetzt. Ignoriert Geländekosten. Heilt +15 pro Runde, wenn eine Stufenbrunnen-Modernisierung benachbart ist.</Text>
		</Replace>
		<Replace Tag="LOC_UNIT_LONGBOWMAN_NAME" Language="de_DE">
			<Text>Langbogenschüze</Text>
		</Replace>
		<Replace Tag="LOC_UNIT_LONGBOWMAN_DESCRIPTION" Language="de_DE">
			<Text>Englische Fernkampfeinheit des Mittelalters, die den Armbrustschützen ersetzt. +4 [ICON_Strength] Kampfstärke gegen Nahkampf- und Kavallerieeinheiten. +4 [ICON_Strength] Kampfstärke, wenn ein weiterer Langbogenschütze angrenzt.</Text>
		</Replace>
		<Replace Tag="LOC_UNIT_CUIRASSIER_NAME" Language="de_DE">
			<Text>Kürassier</Text>
		</Replace>
		<Replace Tag="LOC_UNIT_CUIRASSIER_DESCRIPTION" Language="de_DE">
			<Text>Schwere Kavallerieeinheit des Industriezeitalters.</Text>
		</Replace>
		<Replace Tag="LOC_UNIT_SOHEI_NAME" Language="de_DE">
			<Text>Sohei</Text>
		</Replace>
		<Replace Tag="LOC_UNIT_SOHEI_DESCRIPTION" Language="de_DE">
			<Text>Japanische Nahkampfeinheit, die mit der Ausrichtung Feudalismus verfügbar ist. Kann mit [ICON_Faith] Glauben gekauft werden. +10 [ICON_Strength] Kampfstärke bei Verteidgung.</Text>
		</Replace>
		<Replace Tag="LOC_UNIT_AMAZON_NAME" Language="de_DE">
			<Text>Amazonische Kavallerie</Text>
		</Replace>
		<Replace Tag="LOC_UNIT_AMAZON_DESCRIPTION" Language="de_DE">
			<Text>Skythische schwere Kavallerieeinheit des Mittelalters, die den Ritter ersetzt. Kann sich nach Angriff bewegen.</Text>
		</Replace>
		<Replace Tag="LOC_UNIT_FATHERLAND_VOLUNTEER_NAME" Language="de_DE">
			<Text>Freiwilliger Vaterlandsverteidiger</Text>
		</Replace>
		<Replace Tag="LOC_UNIT_FATHERLAND_VOLUNTEER_DESCRIPTION" Language="de_DE">
			<Text>Brasilianische Nahkampfeinheit des Industriezeitalters, die den Schützen ersetzt. Sie ist im Bau und Unterhalt günstiger als der Schütze.</Text>
		</Replace>
		<Replace Tag="LOC_UNIT_HYKSOS_BOWMAN_NAME" Language="de_DE">
			<Text>Hyksos Bogenschütze</Text>
		</Replace>
		<Replace Tag="LOC_UNIT_HYKSOS_BOWMAN_DESCRIPTION" Language="de_DE">
			<Text>Ägyptische Fernkampfeinheit, stärker als der Bogenschütze, den sie ersetzt.</Text>
		</Replace>
		<Replace Tag="LOC_UNIT_GENDARME_NAME" Language="de_DE">
			<Text>Gendarme</Text>
		</Replace>
		<Replace Tag="LOC_UNIT_GENDARME_DESCRIPTION" Language="de_DE">
			<Text>Französiche schwere Kavallerieeinheit des Mittelalters, die den Ritter ersetzt. +5 [ICON_Strength] Kampfstärke beim Angriff.</Text>
		</Replace>
		<Replace Tag="LOC_UNIT_GARDE_REPUBLICAINE_NAME" Language="de_DE">
			<Text>Republikanische Garde</Text>
		</Replace>
		<Replace Tag="LOC_UNIT_GARDE_REPUBLICAINE_DESCRIPTION" Language="de_DE">
			<Text>Kongolesische Nahkampfeinheit des Informationszeitalters, die die mechanisierte Infanterie ersetzt. +10 [ICON_Strength] Kampfstärke, beim Angriff auf oder bei Verteidigung von Bezirken.</Text>
		</Replace>
		<Replace Tag="LOC_UNIT_BANDEIRANTE_NAME" Language="de_DE">
			<Text>Bandeirante</Text>
		</Replace>
		<Replace Tag="LOC_UNIT_BANDEIRANTE_DESCRIPTION" Language="de_DE">
			<Text>Brasilianische Aufklärungseinheit der Renaissance, die den Ranger ersetzt. Verfügbar mit der Technologie Schießpulver. Kann Festungen errichten. Wandelt 25% der [ICON_Strength] Kampfstärke von besiegten Einheiten in [ICON_Culture] Kultur und 25% in [ICON_Gold] Gold um.</Text>
		</Replace>
		<Replace Tag="LOC_UNIT_TERCIO_NAME" Language="de_DE">
			<Text>Tercio</Text>
		</Replace>
		<Replace Tag="LOC_UNIT_TERCIO_DESCRIPTION" Language="de_DE">
			<Text>Spanische Anti-Kavallerieeinheit der Renaissance.</Text>
		</Replace>
		<Replace Tag="LOC_UNIT_SEPOY_NAME" Language="de_DE">
			<Text>Sepoy</Text>
		</Replace>
		<Replace Tag="LOC_UNIT_SEPOY_DESCRIPTION" Language="de_DE">
			<Text>Indische Nahkampfeinheit des Industriezeitalters, die den Schützen ersetzt. Kämpft mit voller Stärke, wenn die Einheit verwundet ist.</Text>
		</Replace>
		<Replace Tag="LOC_UNIT_AMAZON_SCOUT_NAME" Language="de_DE">
			<Text>Amazonischer Späher</Text>
		</Replace>
		<Replace Tag="LOC_UNIT_AMAZON_SCOUT_DESCRIPTION" Language="de_DE">
			<Text>Skythische Aufklärungseinheit der Antike, die stärker ist als der Späher, der ersetzt wird.</Text>
		</Replace>
		<Replace Tag="LOC_UNIT_PANZER_NAME" Language="de_DE">
			<Text>Tiger I</Text>
		</Replace>
		<Replace Tag="LOC_UNIT_PANZER_DESCRIPTION" Language="de_DE">
			<Text>Deutsche schwere Kavallerieeinheit, die den Panzer ersetzt. Sie erhält +5 [ICON_Strength] Kampfstärke beim Angriff.</Text>
		</Replace>
		<Replace Tag="LOC_UNIT_T34_NAME" Language="de_DE">
			<Text>T-34</Text>
		</Replace>
		<Replace Tag="LOC_UNIT_T34_DESCRIPTION" Language="de_DE">
			<Text>Russische schwere Kavallierieeinheit, die den Panzer ersetzt. Sie ist günstiger im Unterhalt und hat geringere Baukosten. +5 [ICON_Strength] Kampfstärke im oder benachbart zum eigenen Territorium.</Text>
		</Replace>
		<Replace Tag="LOC_UNIT_YAMATO_NAME" Language="de_DE">
			<Text>Yamato</Text>
		</Replace>
		<Replace Tag="LOC_UNIT_YAMATO_DESCRIPTION" Language="de_DE">
			<Text>Japanische Marinefernkampfeinheit. Stärker als das Kriegsschiff, das ersetzt wird.</Text>
		</Replace>
		<Replace Tag="LOC_UNIT_WAR_GALLEY_NAME" Language="de_DE">
			<Text>Tessarakonteres</Text>
		</Replace>
		<Replace Tag="LOC_UNIT_WAR_GALLEY_DESCRIPTION" Language="de_DE">
			<Text>Ägyptische Marinefernkampfeinheit. Stärker als die Quadrireme, die ersetzt wird. Hat eine [ICON_Range] Reichweite von 2 statt 1.</Text>
		</Replace>
		<Replace Tag="LOC_UNIT_ONAGER_NAME" Language="de_DE">
			<Text>Onager</Text>
		</Replace>
		<Replace Tag="LOC_UNIT_ONAGER_DESCRIPTION" Language="de_DE">
			<Text>Römische Belagerungseinheit. Stärker als das Katapult, das ersetzt wird.</Text>
		</Replace>
		<Replace Tag="LOC_UNIT_VULTURE_NAME" Language="de_DE">
			<Text>Sichelschwertkämpfer</Text>
		</Replace>
		<Replace Tag="LOC_UNIT_VULTURE_DESCRIPTION" Language="de_DE">
			<Text>Sumerische Nahkampfeinheit der Klassik. +5 [ICON_Strength] Kampfstärke gegen verwundete Einheiten.</Text>
		</Replace>
		<Replace Tag="LOC_UNIT_ARMATOLOS_NAME" Language="de_DE">
			<Text>Armatolos</Text>
		</Replace>
		<Replace Tag="LOC_UNIT_ARMATOLOS_DESCRIPTION" Language="de_DE">
			<Text>Griechische Nahkampfeinheit des Industriezeitalters, die den Schützen ersetzt. +5 [ICON_Strength] Kampfstärke auf Hügeln. Ignoriert Hügelgeländefeldkosten.</Text>
		</Replace>
		<Replace Tag="LOC_UNIT_FRENCH_MARINE_NAME" Language="de_DE">
			<Text>Marinesoldat</Text>
		</Replace>
		<Replace Tag="LOC_UNIT_FRENCH_MARINE_DESCRIPTION" Language="de_DE">
			<Text>Französische Nahkampfeinheit der Renaissance, die den Musketier ersetzt. +5 [ICON_Strength] Kampfstärke auf fremden Kontinenten. Amphibisch - keine Kampfmalus beim Angriff über Flüsse oder von der Küste.</Text>
		</Replace>
		<Replace Tag="LOC_UNIT_GHAZI_NAME" Language="de_DE">
			<Text>Ghazi</Text>
		</Replace>
		<Replace Tag="LOC_UNIT_GHAZI_DESCRIPTION" Language="de_DE">
			<Text>Arabische Nahkampfeinheit des Mittelalters, die den Schwertkämpfer ersetzt. +5 [ICON_Strength] Kampfstärke, wenn der Kontrahent einer anderen Religion folgt. Wandelt 50% der [ICON_Strength] Kampfstärke von besiegten Einheiten in [ICON_Faith] Glauben um. Konvertiert Städte bei Eroberung zur Spielerreligion. Kann mit [ICON_Faith] Glauben gekauft werden.</Text>
		</Replace>
		<Replace Tag="LOC_UNIT_MEDICINE_MAN_NAME" Language="de_DE">
			<Text>Medizinmann</Text>
		</Replace>
		<Replace Tag="LOC_UNIT_MEDICINE_MAN_DESCRIPTION" Language="de_DE">
			<Text>Kongolesische Unterstützungseinheit, die den Sanitäter ersetzt und durch die Ausrichtung Mystik freigeschaltet wird. Kann nur mit [ICON_Faith] Glauben gekauft werden. Heilt alle Einheiten. Nebenstehende Nahkampf-, Kavallerie-, Anti-Kavallerie und Fernkampfeinheiten wandeln 50% der [ICON_Strength] Kampfstärke von besiegten Einheiten in [ICON_Faith] Glauben um.</Text>
		</Replace>
		<Replace Tag="LOC_UNIT_SHIGONG_NAME" Language="de_DE">
			<Text>Shigong</Text>
		</Replace>
		<Replace Tag="LOC_UNIT_SHIGONG_DESCRIPTION" Language="de_DE">
			<Text>Chinesische Unterstützungseinheit, die durch die Ausrichtung Militärtradition freigeschaltet wird. Benachbarte Nahkampf-, Kavallerie-, Anti-Kavallerie und Fernkampfeinheiten erhalten +5 [ICON_Strength] Kampfstärke und verdienen mehr Erfahrungspunkte. Zum Bau ist eine Kaserne erforderlich.</Text>
		</Replace>
		<Replace Tag="LOC_UNIT_SPANISH_CONQUISTADOR_DESCRIPTION" Language="de_DE">
			<Text>Spanische Spezialeinheit der Renaissance, die den Musketier ersetzt. +9 [ICON_Strength] Kampfstärke mit einer religiösen Einheit auf dem selben Feld. Erobert diese Einheit eine Stadt oder steht während der Eroberung neben der Stadt, wird die Ortschaft mehrheitlich zur Spielerreligion bekehrt.</Text>
		</Replace>
		<Replace Tag="LOC_UNIT_SNIPER_NAME" Language="de_DE">
			<Text>Scharfschütze</Text>
		</Replace>
		<Replace Tag="LOC_UNIT_SNIPER_DESCRIPTION" Language="de_DE">
			<Text>Sehr schnelle Aufklärungs- als auch Fernkampfeinheit des Atomzeitalters. Bewegung und Angriff in der selben Runde ist nicht möglich. Erhält +12 [ICON_Ranged] Fernkampfstärke gegen Landeinheiten (außer Schwerer Kavallerie). Erhält auf Hügeln +1 [ICON_Range] Reichweite.</Text>
		</Replace>
		<Replace Tag="LOC_UNIT_EXPLORER_NAME" Language="de_DE">
			<Text>Erkunder</Text>
		</Replace>
		<Replace Tag="LOC_UNIT_EXPLORER_DESCRIPTION" Language="de_DE">
			<Text>Schnelle Aufklärungseinheit der Rennaissance. Ignoriert Flüsse und "Ausschiffen" kostet keine Bewegungspunkte.</Text>
		</Replace>
		<Replace Tag="LOC_UNIT_MACEMAN_NAME" Language="de_DE">
			<Text>Langschwertkämpfer</Text>
		</Replace>
		<Replace Tag="LOC_UNIT_MACEMAN_DESCRIPTION" Language="de_DE">
			<Text>Nahkampfeinheit des Mittelalters.</Text>
		</Replace>
		<Replace Tag="LOC_UNIT_MEDIEVAL_HORSEMAN_NAME" Language="de_DE">
			<Text>Leicht gepanzerter Reiter</Text>
		</Replace>
		<Replace Tag="LOC_UNIT_MEDIEVAL_HORSEMAN_DESCRIPTION" Language="de_DE">
			<Text>Leichte Kavallerieeinheit des Mittelalters. Ersetzt den Reiter</Text>
 		</Replace>
		<Replace Tag="LOC_UNIT_HORSEMAN_NAME" Language="de_DE">
			<Text>Reiter</Text>
		</Replace>
		<Replace Tag="LOC_UNIT_INDIAN_VARU_DESCRIPTION" Language="de_DE">
			<Text>Indische Spezialeinheit der Antike. Angrenzende Feindeinheiten erhalten -5 [ICON_STRENGTH] Kampfstärke.</Text>
		</Replace>
		<Replace Tag="PLUS_5_CAPITAL_CONTINENT_COMBAT_BONUS_DESC" Language="de_DE">
			<Text>+5 [ICON_Strength] Kampfstärke auf dem Kontinent der Hauptstadt.</Text>
		</Replace>
		<Replace Tag="PLUS_4_VERSUS_MELEE_CAVALRY_COMBAT_BONUS_DESC" Language="de_DE">
			<Text>+4 [ICON_Strength] Kampfstärke gegen Nahkampf- und Kavallerieeinheiten.</Text>
		</Replace>
		<Replace Tag="PLUS_4_LONGBOWMAN_ADJACENCY_COMBAT_BONUS_DESC" Language="de_DE">
			<Text>+4 [ICON_Strength] Kampfstärke neben einem Langbogenschützen.</Text>
		</Replace>
		<Replace Tag="PLUS_5_EQUITE_ADJACENCY_COMBAT_BONUS_DESC" Language="de_DE">
			<Text>+5 [ICON_Strength] Kampfstärke neben Legion oder Krieger.</Text>
		</Replace>
		<Replace Tag="PLUS_5_ZIGURRAT_PROXIMITY_COMBAT_BONUS_DESC" Language="de_DE">
			<Text>+5 [ICON_Strength] Kampfstärke im Umkreis von 8 Feldern um ein Zikkurat.</Text>
		</Replace>
		<Replace Tag="PLUS_8_DESERT_PLAINS_COMBAT_BONUS_DESC" Language="de_DE">
			<Text>+8 [ICON_Strength] Kampfstärke auf Wüsten und Ebenen.</Text>
		</Replace>
		<Replace Tag="PLUS_5_NOT_OWNER_TERRITORY_COMBAT_BONUS_DESC" Language="de_DE">
			<Text>+5 [ICON_Strength] Kampfstärke außerhalb des eigenen Territoriums.</Text>
		</Replace>
		<Replace Tag="PLUS_5_FOREST_JUNGLE_COMBAT_BONUS_DESC" Language="de_DE">
			<Text>+5 [ICON_Strength] Kampfstärke in Wäldern und Dschungeln.</Text>
		</Replace>
		<Replace Tag="PLUS_4_VERSUS_MELEE_COMBAT_BONUS_DESC" Language="de_DE">
			<Text>+4 [ICON_Strength] Kampfstärke gegen Nahkampfeinheiten.</Text>
		</Replace>
		<Replace Tag="PLUS_10_WHEN_DEFENDING_COMBAT_BONUS_DESC" Language="de_DE">
			<Text>+10 [ICON_Strength] Kampfstärke bei Verteidigung.</Text>
		</Replace>
		<Replace Tag="PLUS_5_WHEN_ATTACKING_COMBAT_BONUS_DESC" Language="de_DE">
			<Text>+5 [ICON_Strength] Kampfstärke bei Angriff.</Text>
		</Replace>
		<Replace Tag="PLUS_5_HILLS_COMBAT_BONUS_DESC" Language="de_DE">
			<Text>+5 [ICON_Strength] Kampfstärke auf Hügeln.</Text>
		</Replace>
		<Replace Tag="RECEIVE_SHIGONG_COMBAT_BONUS_DESC" Language="de_DE">
			<Text>+5 [ICON_Strength] Kampfstärke von Shigong-Einheiten.</Text>
		</Replace>
		<Replace Tag="PLUS_5_FOREIGN_COMBAT_BONUS_DESC" Language="de_DE">
			<Text>+5 [ICON_Strength] Kampfstärke auf anderen Kontinenten.</Text>
		</Replace>
		<Replace Tag="PLUS_5_OTHER_RELIGION_COMBAT_BONUS_DESC" Language="de_DE">
			<Text>+5 [ICON_Strength] Kampfstärke bei Zivilisationen mit fremden Religionen.</Text>
		</Replace>
	</LocalizedText>
</GameData>