<?xml version="1.0" encoding="utf-8"?>
<GameInfo>
    <IconTextureAtlases>
        <Row Name="ICON_ATLAS_MOAR_UNITS" IconSize="22" IconsPerRow="10" IconsPerColumn="10" Filename="MOARUnitsFlags_22.dds"/>
        <Row Name="ICON_ATLAS_MOAR_UNITS" IconSize="32" IconsPerRow="10" IconsPerColumn="10" Filename="MOARUnitsFlags_32.dds"/>
        <Row Name="ICON_ATLAS_MOAR_UNITS" IconSize="38" IconsPerRow="10" IconsPerColumn="10" Filename="MOARUnitsFlags_38.dds"/>
        <Row Name="ICON_ATLAS_MOAR_UNITS" IconSize="50" IconsPerRow="10" IconsPerColumn="10" Filename="MOARUnitsFlags_50.dds"/>
        <Row Name="ICON_ATLAS_MOAR_UNITS" IconSize="80" IconsPerRow="10" IconsPerColumn="10" Filename="MOARUnitsFlags_80.dds"/>
        <Row Name="ICON_ATLAS_MOAR_UNITS" IconSize="256" IconsPerRow="10" IconsPerColumn="10" Filename="MOARUnitsFlags_256.dds"/>

        <Row Name="ICON_ATLAS_MOAR_UNITS_PORTRAITS" IconSize="95" IconsPerRow="10" IconsPerColumn="10" Filename="MOARUnitsPortraits_95.dds"/>
    </IconTextureAtlases>
    <IconDefinitions>
        <!-- Amazon Cavalry -->
        <Row Name="ICON_UNIT_AMAZON" Atlas="ICON_ATLAS_MOAR_UNITS" Index="29"/>
        <Row Name="ICON_UNIT_AMAZON_BLACK" Atlas="ICON_ATLAS_MOAR_UNITS" Index="29"/>
        <Row Name="ICON_UNIT_AMAZON_WHITE" Atlas="ICON_ATLAS_MOAR_UNITS" Index="29"/>
        <Row Name="ICON_UNIT_AMAZON_PORTRAIT" Atlas="ICON_ATLAS_MOAR_UNITS_PORTRAITS" Index="29"/>
        <Row Name="ICON_ETHNICITY_AFRICAN_UNIT_AMAZON_PORTRAIT" Atlas="ICON_ATLAS_MOAR_UNITS_PORTRAITS" Index="29"/>
        <Row Name="ICON_ETHNICITY_SOUTHAM_UNIT_AMAZON_PORTRAIT" Atlas="ICON_ATLAS_MOAR_UNITS_PORTRAITS" Index="29"/>
        <Row Name="ICON_ETHNICITY_MEDIT_UNIT_AMAZON_PORTRAIT" Atlas="ICON_ATLAS_MOAR_UNITS_PORTRAITS" Index="29"/>
        <Row Name="ICON_ETHNICITY_ASIAN_UNIT_AMAZON_PORTRAIT" Atlas="ICON_ATLAS_MOAR_UNITS_PORTRAITS" Index="29"/>

        <!-- Amazon Scout -->
        <Row Name="ICON_UNIT_AMAZON_SCOUT" Atlas="ICON_ATLAS_MOAR_UNITS" Index="30"/>
        <Row Name="ICON_UNIT_AMAZON_SCOUT_BLACK" Atlas="ICON_ATLAS_MOAR_UNITS" Index="30"/>
        <Row Name="ICON_UNIT_AMAZON_SCOUT_WHITE" Atlas="ICON_ATLAS_MOAR_UNITS" Index="30"/>
        <Row Name="ICON_UNIT_AMAZON_SCOUT_PORTRAIT" Atlas="ICON_ATLAS_MOAR_UNITS_PORTRAITS" Index="30"/>
        <Row Name="ICON_ETHNICITY_AFRICAN_UNIT_AMAZON_SCOUT_PORTRAIT" Atlas="ICON_ATLAS_MOAR_UNITS_PORTRAITS" Index="30"/>
        <Row Name="ICON_ETHNICITY_SOUTHAM_UNIT_AMAZON_SCOUT_PORTRAIT" Atlas="ICON_ATLAS_MOAR_UNITS_PORTRAITS" Index="30"/>
        <Row Name="ICON_ETHNICITY_MEDIT_UNIT_AMAZON_SCOUT_PORTRAIT" Atlas="ICON_ATLAS_MOAR_UNITS_PORTRAITS" Index="30"/>
        <Row Name="ICON_ETHNICITY_ASIAN_UNIT_AMAZON_SCOUT_PORTRAIT" Atlas="ICON_ATLAS_MOAR_UNITS_PORTRAITS" Index="30"/>

        <!-- Bandeirante -->
        <Row Name="ICON_UNIT_BANDEIRANTE" Atlas="ICON_ATLAS_MOAR_UNITS" Index="5"/>
        <Row Name="ICON_UNIT_BANDEIRANTE_BLACK" Atlas="ICON_ATLAS_MOAR_UNITS" Index="5"/>
        <Row Name="ICON_UNIT_BANDEIRANTE_WHITE" Atlas="ICON_ATLAS_MOAR_UNITS" Index="5"/>
        <Row Name="ICON_UNIT_BANDEIRANTE_PORTRAIT" Atlas="ICON_ATLAS_MOAR_UNITS_PORTRAITS" Index="5"/>
        <Row Name="ICON_ETHNICITY_AFRICAN_UNIT_BANDEIRANTE_PORTRAIT" Atlas="ICON_ATLAS_MOAR_UNITS_PORTRAITS" Index="5"/>
        <Row Name="ICON_ETHNICITY_SOUTHAM_UNIT_BANDEIRANTE_PORTRAIT" Atlas="ICON_ATLAS_MOAR_UNITS_PORTRAITS" Index="5"/>
        <Row Name="ICON_ETHNICITY_MEDIT_UNIT_BANDEIRANTE_PORTRAIT" Atlas="ICON_ATLAS_MOAR_UNITS_PORTRAITS" Index="5"/>
        <Row Name="ICON_ETHNICITY_ASIAN_UNIT_BANDEIRANTE_PORTRAIT" Atlas="ICON_ATLAS_MOAR_UNITS_PORTRAITS" Index="5"/>

        <!-- Camel Archer -->
        <Row Name="ICON_UNIT_CAMEL_ARCHER" Atlas="ICON_ATLAS_MOAR_UNITS" Index="3"/>
        <Row Name="ICON_UNIT_CAMEL_ARCHER_BLACK" Atlas="ICON_ATLAS_MOAR_UNITS" Index="3"/>
        <Row Name="ICON_UNIT_CAMEL_ARCHER_WHITE" Atlas="ICON_ATLAS_MOAR_UNITS" Index="3"/>
        <Row Name="ICON_UNIT_CAMEL_ARCHER_PORTRAIT" Atlas="ICON_ATLAS_UNIT_PORTRAITS" Index="34"/>
        <Row Name="ICON_ETHNICITY_AFRICAN_UNIT_CAMEL_ARCHER_PORTRAIT"  Atlas="ICON_ATLAS_AFRICAN_UNIT_PORTRAITS" Index="34"/>
        <Row Name="ICON_ETHNICITY_SOUTHAM_UNIT_CAMEL_ARCHER_PORTRAIT"  Atlas="ICON_ATLAS_SOUTH_AMERICAN_UNIT_PORTRAITS" Index="34"/>
        <Row Name="ICON_ETHNICITY_MEDIT_UNIT_CAMEL_ARCHER_PORTRAIT"  Atlas="ICON_ATLAS_MEDITERRANEAN_UNIT_PORTRAITS" Index="34"/>
        <Row Name="ICON_ETHNICITY_ASIAN_UNIT_CAMEL_ARCHER_PORTRAIT"  Atlas="ICON_ATLAS_ASIAN_UNIT_PORTRAITS" Index="34"/>

        <!-- Cho-Ko-Nu -->
        <Row Name="ICON_UNIT_CHOKONU" Atlas="ICON_ATLAS_MOAR_UNITS" Index="7"/>
        <Row Name="ICON_UNIT_CHOKONU_BLACK" Atlas="ICON_ATLAS_MOAR_UNITS" Index="7"/>
        <Row Name="ICON_UNIT_CHOKONU_WHITE" Atlas="ICON_ATLAS_MOAR_UNITS" Index="7"/>
        <Row Name="ICON_UNIT_CHOKONU_PORTRAIT" Atlas="ICON_ATLAS_MOAR_UNITS_PORTRAITS" Index="7"/>
        <Row Name="ICON_ETHNICITY_AFRICAN_UNIT_CHOKONU_PORTRAIT" Atlas="ICON_ATLAS_MOAR_UNITS_PORTRAITS" Index="7"/>
        <Row Name="ICON_ETHNICITY_SOUTHAM_UNIT_CHOKONU_PORTRAIT" Atlas="ICON_ATLAS_MOAR_UNITS_PORTRAITS" Index="7"/>
        <Row Name="ICON_ETHNICITY_MEDIT_UNIT_CHOKONU_PORTRAIT" Atlas="ICON_ATLAS_MOAR_UNITS_PORTRAITS" Index="7"/>
        <Row Name="ICON_ETHNICITY_ASIAN_UNIT_CHOKONU_PORTRAIT" Atlas="ICON_ATLAS_MOAR_UNITS_PORTRAITS" Index="7"/>

        <!-- Cuirassier -->
        <Row Name="ICON_UNIT_CUIRASSIER" Atlas="ICON_ATLAS_MOAR_UNITS" Index="0"/>
        <Row Name="ICON_UNIT_CUIRASSIER_BLACK" Atlas="ICON_ATLAS_MOAR_UNITS" Index="0"/>
        <Row Name="ICON_UNIT_CUIRASSIER_WHITE" Atlas="ICON_ATLAS_MOAR_UNITS" Index="0"/>
        <Row Name="ICON_UNIT_CUIRASSIER_PORTRAIT" Atlas="ICON_ATLAS_UNIT_PORTRAITS" Index="59"/>
        <Row Name="ICON_ETHNICITY_AFRICAN_UNIT_CUIRASSIER_PORTRAIT"  Atlas="ICON_ATLAS_AFRICAN_UNIT_PORTRAITS" Index="59"/>
        <Row Name="ICON_ETHNICITY_SOUTHAM_UNIT_CUIRASSIER_PORTRAIT"  Atlas="ICON_ATLAS_SOUTH_AMERICAN_UNIT_PORTRAITS" Index="59"/>
        <Row Name="ICON_ETHNICITY_MEDIT_UNIT_CUIRASSIER_PORTRAIT"  Atlas="ICON_ATLAS_MEDITERRANEAN_UNIT_PORTRAITS" Index="59"/>
        <Row Name="ICON_ETHNICITY_ASIAN_UNIT_CUIRASSIER_PORTRAIT"  Atlas="ICON_ATLAS_ASIAN_UNIT_PORTRAITS" Index="59"/>

        <!-- Druzhina -->
        <Row Name="ICON_UNIT_DRUZHINA" Atlas="ICON_ATLAS_MOAR_UNITS" Index="27"/>
        <Row Name="ICON_UNIT_DRUZHINA_BLACK" Atlas="ICON_ATLAS_MOAR_UNITS" Index="27"/>
        <Row Name="ICON_UNIT_DRUZHINA_WHITE" Atlas="ICON_ATLAS_MOAR_UNITS" Index="27"/>
        <Row Name="ICON_UNIT_DRUZHINA_PORTRAIT" Atlas="ICON_ATLAS_MOAR_UNITS_PORTRAITS" Index="27"/>
        <Row Name="ICON_ETHNICITY_AFRICAN_UNIT_DRUZHINA_PORTRAIT" Atlas="ICON_ATLAS_MOAR_UNITS_PORTRAITS" Index="27"/>
        <Row Name="ICON_ETHNICITY_SOUTHAM_UNIT_DRUZHINA_PORTRAIT" Atlas="ICON_ATLAS_MOAR_UNITS_PORTRAITS" Index="27"/>
        <Row Name="ICON_ETHNICITY_MEDIT_UNIT_DRUZHINA_PORTRAIT" Atlas="ICON_ATLAS_MOAR_UNITS_PORTRAITS" Index="27"/>
        <Row Name="ICON_ETHNICITY_ASIAN_UNIT_DRUZHINA_PORTRAIT" Atlas="ICON_ATLAS_MOAR_UNITS_PORTRAITS" Index="27"/>

        <!-- Eques -->
        <Row Name="ICON_UNIT_EQUITE" Atlas="ICON_ATLAS_MOAR_UNITS" Index="25"/>
        <Row Name="ICON_UNIT_EQUITE_BLACK" Atlas="ICON_ATLAS_MOAR_UNITS" Index="25"/>
        <Row Name="ICON_UNIT_EQUITE_WHITE" Atlas="ICON_ATLAS_MOAR_UNITS" Index="25"/>
        <Row Name="ICON_UNIT_EQUITE_PORTRAIT" Atlas="ICON_ATLAS_MOAR_UNITS_PORTRAITS" Index="25"/>
        <Row Name="ICON_ETHNICITY_AFRICAN_UNIT_EQUITE_PORTRAIT" Atlas="ICON_ATLAS_MOAR_UNITS_PORTRAITS" Index="25"/>
        <Row Name="ICON_ETHNICITY_SOUTHAM_UNIT_EQUITE_PORTRAIT" Atlas="ICON_ATLAS_MOAR_UNITS_PORTRAITS" Index="25"/>
        <Row Name="ICON_ETHNICITY_MEDIT_UNIT_EQUITE_PORTRAIT" Atlas="ICON_ATLAS_MOAR_UNITS_PORTRAITS" Index="25"/>
        <Row Name="ICON_ETHNICITY_ASIAN_UNIT_EQUITE_PORTRAIT" Atlas="ICON_ATLAS_MOAR_UNITS_PORTRAITS" Index="25"/>

        <!-- Fatherland Volunteer -->
        <Row Name="ICON_UNIT_FATHERLAND_VOLUNTEER" Atlas="ICON_ATLAS_MOAR_UNITS" Index="6"/>
        <Row Name="ICON_UNIT_FATHERLAND_VOLUNTEER_BLACK" Atlas="ICON_ATLAS_MOAR_UNITS" Index="6"/>
        <Row Name="ICON_UNIT_FATHERLAND_VOLUNTEER_WHITE" Atlas="ICON_ATLAS_MOAR_UNITS" Index="6"/>
        <Row Name="ICON_UNIT_FATHERLAND_VOLUNTEER_PORTRAIT" Atlas="ICON_ATLAS_UNIT_PORTRAITS" Index="62"/>
        <Row Name="ICON_ETHNICITY_AFRICAN_UNIT_FATHERLAND_VOLUNTEER_PORTRAIT"  Atlas="ICON_ATLAS_AFRICAN_UNIT_PORTRAITS" Index="62"/>
        <Row Name="ICON_ETHNICITY_SOUTHAM_UNIT_FATHERLAND_VOLUNTEER_PORTRAIT"  Atlas="ICON_ATLAS_SOUTH_AMERICAN_UNIT_PORTRAITS" Index="62"/>
        <Row Name="ICON_ETHNICITY_MEDIT_UNIT_FATHERLAND_VOLUNTEER_PORTRAIT"  Atlas="ICON_ATLAS_MEDITERRANEAN_UNIT_PORTRAITS" Index="62"/>
        <Row Name="ICON_ETHNICITY_ASIAN_UNIT_FATHERLAND_VOLUNTEER_PORTRAIT"  Atlas="ICON_ATLAS_ASIAN_UNIT_PORTRAITS" Index="62"/>

        <!-- Garde Republicaine  -->
        <Row Name="ICON_UNIT_GARDE_REPUBLICAINE" Atlas="ICON_ATLAS_MOAR_UNITS" Index="22"/>
        <Row Name="ICON_UNIT_GARDE_REPUBLICAINE_BLACK" Atlas="ICON_ATLAS_MOAR_UNITS" Index="22"/>
        <Row Name="ICON_UNIT_GARDE_REPUBLICAINE_WHITE" Atlas="ICON_ATLAS_MOAR_UNITS" Index="22"/>
        <Row Name="ICON_UNIT_GARDE_REPUBLICAINE_PORTRAIT" Atlas="ICON_ATLAS_MOAR_UNITS_PORTRAITS" Index="22"/>
        <Row Name="ICON_ETHNICITY_AFRICAN_UNIT_GARDE_REPUBLICAINE_PORTRAIT" Atlas="ICON_ATLAS_MOAR_UNITS_PORTRAITS" Index="22"/>
        <Row Name="ICON_ETHNICITY_SOUTHAM_UNIT_GARDE_REPUBLICAINE_PORTRAIT" Atlas="ICON_ATLAS_MOAR_UNITS_PORTRAITS" Index="22"/>
        <Row Name="ICON_ETHNICITY_MEDIT_UNIT_GARDE_REPUBLICAINE_PORTRAIT" Atlas="ICON_ATLAS_MOAR_UNITS_PORTRAITS" Index="22"/>
        <Row Name="ICON_ETHNICITY_ASIAN_UNIT_GARDE_REPUBLICAINE_PORTRAIT" Atlas="ICON_ATLAS_MOAR_UNITS_PORTRAITS" Index="22"/>

        <!-- Gendarme -->
        <Row Name="ICON_UNIT_GENDARME" Atlas="ICON_ATLAS_MOAR_UNITS" Index="12"/>
        <Row Name="ICON_UNIT_GENDARME_BLACK" Atlas="ICON_ATLAS_MOAR_UNITS" Index="12"/>
        <Row Name="ICON_UNIT_GENDARME_WHITE" Atlas="ICON_ATLAS_MOAR_UNITS" Index="12"/>
        <Row Name="ICON_UNIT_GENDARME_PORTRAIT" Atlas="ICON_ATLAS_MOAR_UNITS_PORTRAITS" Index="12"/>
        <Row Name="ICON_ETHNICITY_AFRICAN_UNIT_GENDARME_PORTRAIT" Atlas="ICON_ATLAS_MOAR_UNITS_PORTRAITS" Index="12"/>
        <Row Name="ICON_ETHNICITY_SOUTHAM_UNIT_GENDARME_PORTRAIT" Atlas="ICON_ATLAS_MOAR_UNITS_PORTRAITS" Index="12"/>
        <Row Name="ICON_ETHNICITY_MEDIT_UNIT_GENDARME_PORTRAIT" Atlas="ICON_ATLAS_MOAR_UNITS_PORTRAITS" Index="12"/>
        <Row Name="ICON_ETHNICITY_ASIAN_UNIT_GENDARME_PORTRAIT" Atlas="ICON_ATLAS_MOAR_UNITS_PORTRAITS" Index="12"/>

        <!-- Hirdman -->
        <Row Name="ICON_UNIT_HIRDMAN" Atlas="ICON_ATLAS_MOAR_UNITS" Index="24"/>
        <Row Name="ICON_UNIT_HIRDMAN_BLACK" Atlas="ICON_ATLAS_MOAR_UNITS" Index="24"/>
        <Row Name="ICON_UNIT_HIRDMAN_WHITE" Atlas="ICON_ATLAS_MOAR_UNITS" Index="24"/>
        <Row Name="ICON_UNIT_HIRDMAN_PORTRAIT" Atlas="ICON_ATLAS_MOAR_UNITS_PORTRAITS" Index="24"/>
        <Row Name="ICON_ETHNICITY_AFRICAN_UNIT_HIRDMAN_PORTRAIT" Atlas="ICON_ATLAS_MOAR_UNITS_PORTRAITS" Index="24"/>
        <Row Name="ICON_ETHNICITY_SOUTHAM_UNIT_HIRDMAN_PORTRAIT" Atlas="ICON_ATLAS_MOAR_UNITS_PORTRAITS" Index="24"/>
        <Row Name="ICON_ETHNICITY_MEDIT_UNIT_HIRDMAN_PORTRAIT" Atlas="ICON_ATLAS_MOAR_UNITS_PORTRAITS" Index="24"/>
        <Row Name="ICON_ETHNICITY_ASIAN_UNIT_HIRDMAN_PORTRAIT" Atlas="ICON_ATLAS_MOAR_UNITS_PORTRAITS" Index="24"/>

        <!-- Peltast -->
        <Row Name="ICON_UNIT_PELTAST" Atlas="ICON_ATLAS_MOAR_UNITS" Index="44"/>
        <Row Name="ICON_UNIT_PELTAST_BLACK" Atlas="ICON_ATLAS_MOAR_UNITS" Index="44"/>
        <Row Name="ICON_UNIT_PELTAST_WHITE" Atlas="ICON_ATLAS_MOAR_UNITS" Index="44"/>
        <Row Name="ICON_UNIT_PELTAST_PORTRAIT" Atlas="ICON_ATLAS_MOAR_UNITS_PORTRAITS" Index="44"/>
        <Row Name="ICON_ETHNICITY_AFRICAN_UNIT_PELTAST_PORTRAIT" Atlas="ICON_ATLAS_MOAR_UNITS_PORTRAITS" Index="44"/>
        <Row Name="ICON_ETHNICITY_SOUTHAM_UNIT_PELTAST_PORTRAIT" Atlas="ICON_ATLAS_MOAR_UNITS_PORTRAITS" Index="44"/>
        <Row Name="ICON_ETHNICITY_MEDIT_UNIT_PELTAST_PORTRAIT" Atlas="ICON_ATLAS_MOAR_UNITS_PORTRAITS" Index="44"/>
        <Row Name="ICON_ETHNICITY_ASIAN_UNIT_PELTAST_PORTRAIT" Atlas="ICON_ATLAS_MOAR_UNITS_PORTRAITS" Index="44"/>

        <!-- Hyksos Bowman -->
        <Row Name="ICON_UNIT_HYKSOS_BOWMAN" Atlas="ICON_ATLAS_MOAR_UNITS" Index="9"/>
        <Row Name="ICON_UNIT_HYKSOS_BOWMAN_BLACK" Atlas="ICON_ATLAS_MOAR_UNITS" Index="9"/>
        <Row Name="ICON_UNIT_HYKSOS_BOWMAN_WHITE" Atlas="ICON_ATLAS_MOAR_UNITS" Index="9"/>
        <Row Name="ICON_UNIT_HYKSOS_BOWMAN_PORTRAIT" Atlas="ICON_ATLAS_MOAR_UNITS_PORTRAITS" Index="9"/>
        <Row Name="ICON_ETHNICITY_AFRICAN_UNIT_HYKSOS_BOWMAN_PORTRAIT" Atlas="ICON_ATLAS_MOAR_UNITS_PORTRAITS" Index="9"/>
        <Row Name="ICON_ETHNICITY_SOUTHAM_UNIT_HYKSOS_BOWMAN_PORTRAIT" Atlas="ICON_ATLAS_MOAR_UNITS_PORTRAITS" Index="9"/>
        <Row Name="ICON_ETHNICITY_MEDIT_UNIT_HYKSOS_BOWMAN_PORTRAIT" Atlas="ICON_ATLAS_MOAR_UNITS_PORTRAITS" Index="9"/>
        <Row Name="ICON_ETHNICITY_ASIAN_UNIT_HYKSOS_BOWMAN_PORTRAIT" Atlas="ICON_ATLAS_MOAR_UNITS_PORTRAITS" Index="9"/>

        <!-- Jinete -->
        <Row Name="ICON_UNIT_JINETE" Atlas="ICON_ATLAS_MOAR_UNITS" Index="31"/>
        <Row Name="ICON_UNIT_JINETE_BLACK" Atlas="ICON_ATLAS_MOAR_UNITS" Index="31"/>
        <Row Name="ICON_UNIT_JINETE_WHITE" Atlas="ICON_ATLAS_MOAR_UNITS" Index="31"/>
        <Row Name="ICON_UNIT_JINETE_PORTRAIT" Atlas="ICON_ATLAS_MOAR_UNITS_PORTRAITS" Index="31"/>
        <Row Name="ICON_ETHNICITY_AFRICAN_UNIT_JINETE_PORTRAIT" Atlas="ICON_ATLAS_MOAR_UNITS_PORTRAITS" Index="31"/>
        <Row Name="ICON_ETHNICITY_SOUTHAM_UNIT_JINETE_PORTRAIT" Atlas="ICON_ATLAS_MOAR_UNITS_PORTRAITS" Index="31"/>
        <Row Name="ICON_ETHNICITY_MEDIT_UNIT_JINETE_PORTRAIT" Atlas="ICON_ATLAS_MOAR_UNITS_PORTRAITS" Index="31"/>
        <Row Name="ICON_ETHNICITY_ASIAN_UNIT_JINETE_PORTRAIT" Atlas="ICON_ATLAS_MOAR_UNITS_PORTRAITS" Index="31"/>

        <!-- Longbowman -->
        <Row Name="ICON_UNIT_LONGBOWMAN" Atlas="ICON_ATLAS_MOAR_UNITS" Index="11"/>
        <Row Name="ICON_UNIT_LONGBOWMAN_BLACK" Atlas="ICON_ATLAS_MOAR_UNITS" Index="11"/>
        <Row Name="ICON_UNIT_LONGBOWMAN_WHITE" Atlas="ICON_ATLAS_MOAR_UNITS" Index="11"/>
        <Row Name="ICON_UNIT_LONGBOWMAN_PORTRAIT" Atlas="ICON_ATLAS_MOAR_UNITS_PORTRAITS" Index="11"/>
        <Row Name="ICON_ETHNICITY_AFRICAN_UNIT_LONGBOWMAN_PORTRAIT" Atlas="ICON_ATLAS_MOAR_UNITS_PORTRAITS" Index="11"/>
        <Row Name="ICON_ETHNICITY_SOUTHAM_UNIT_LONGBOWMAN_PORTRAIT" Atlas="ICON_ATLAS_MOAR_UNITS_PORTRAITS" Index="11"/>
        <Row Name="ICON_ETHNICITY_MEDIT_UNIT_LONGBOWMAN_PORTRAIT" Atlas="ICON_ATLAS_MOAR_UNITS_PORTRAITS" Index="11"/>
        <Row Name="ICON_ETHNICITY_ASIAN_UNIT_LONGBOWMAN_PORTRAIT" Atlas="ICON_ATLAS_MOAR_UNITS_PORTRAITS" Index="11"/>

        <!-- Minuteman -->
        <Row Name="ICON_UNIT_MINUTEMAN" Atlas="ICON_ATLAS_MOAR_UNITS" Index="2"/>
        <Row Name="ICON_UNIT_MINUTEMAN_BLACK" Atlas="ICON_ATLAS_MOAR_UNITS" Index="2"/>
        <Row Name="ICON_UNIT_MINUTEMAN_WHITE" Atlas="ICON_ATLAS_MOAR_UNITS" Index="2"/>
        <Row Name="ICON_UNIT_MINUTEMAN_PORTRAIT" Atlas="ICON_ATLAS_MOAR_UNITS_PORTRAITS" Index="2"/>
        <Row Name="ICON_ETHNICITY_AFRICAN_UNIT_MINUTEMAN_PORTRAIT" Atlas="ICON_ATLAS_MOAR_UNITS_PORTRAITS" Index="2"/>
        <Row Name="ICON_ETHNICITY_SOUTHAM_UNIT_MINUTEMAN_PORTRAIT" Atlas="ICON_ATLAS_MOAR_UNITS_PORTRAITS" Index="2"/>
        <Row Name="ICON_ETHNICITY_MEDIT_UNIT_MINUTEMAN_PORTRAIT" Atlas="ICON_ATLAS_MOAR_UNITS_PORTRAITS" Index="2"/>
        <Row Name="ICON_ETHNICITY_ASIAN_UNIT_MINUTEMAN_PORTRAIT" Atlas="ICON_ATLAS_MOAR_UNITS_PORTRAITS" Index="2"/>

        <!-- Mughal Sowar -->
        <Row Name="ICON_UNIT_MUGHAL_SOWAR" Atlas="ICON_ATLAS_MOAR_UNITS" Index="18"/>
        <Row Name="ICON_UNIT_MUGHAL_SOWAR_BLACK" Atlas="ICON_ATLAS_MOAR_UNITS" Index="18"/>
        <Row Name="ICON_UNIT_MUGHAL_SOWAR_WHITE" Atlas="ICON_ATLAS_MOAR_UNITS" Index="18"/>
        <Row Name="ICON_UNIT_MUGHAL_SOWAR_PORTRAIT" Atlas="ICON_ATLAS_MOAR_UNITS_PORTRAITS" Index="18"/>
        <Row Name="ICON_ETHNICITY_AFRICAN_UNIT_MUGHAL_SOWAR_PORTRAIT" Atlas="ICON_ATLAS_MOAR_UNITS_PORTRAITS" Index="18"/>
        <Row Name="ICON_ETHNICITY_SOUTHAM_UNIT_MUGHAL_SOWAR_PORTRAIT" Atlas="ICON_ATLAS_MOAR_UNITS_PORTRAITS" Index="18"/>
        <Row Name="ICON_ETHNICITY_MEDIT_UNIT_MUGHAL_SOWAR_PORTRAIT" Atlas="ICON_ATLAS_MOAR_UNITS_PORTRAITS" Index="18"/>
        <Row Name="ICON_ETHNICITY_ASIAN_UNIT_MUGHAL_SOWAR_PORTRAIT" Atlas="ICON_ATLAS_MOAR_UNITS_PORTRAITS" Index="18"/>

        <!-- Onager -->
        <Row Name="ICON_UNIT_ONAGER" Atlas="ICON_ATLAS_MOAR_UNITS" Index="26"/>
        <Row Name="ICON_UNIT_ONAGER_BLACK" Atlas="ICON_ATLAS_MOAR_UNITS" Index="26"/>
        <Row Name="ICON_UNIT_ONAGER_WHITE" Atlas="ICON_ATLAS_MOAR_UNITS" Index="26"/>
        <Row Name="ICON_UNIT_ONAGER_PORTRAIT" Atlas="ICON_ATLAS_MOAR_UNITS_PORTRAITS" Index="26"/>
        <Row Name="ICON_ETHNICITY_AFRICAN_UNIT_ONAGER_PORTRAIT" Atlas="ICON_ATLAS_MOAR_UNITS_PORTRAITS" Index="26"/>
        <Row Name="ICON_ETHNICITY_SOUTHAM_UNIT_ONAGER_PORTRAIT" Atlas="ICON_ATLAS_MOAR_UNITS_PORTRAITS" Index="26"/>
        <Row Name="ICON_ETHNICITY_MEDIT_UNIT_ONAGER_PORTRAIT" Atlas="ICON_ATLAS_MOAR_UNITS_PORTRAITS" Index="26"/>
        <Row Name="ICON_ETHNICITY_ASIAN_UNIT_ONAGER_PORTRAIT" Atlas="ICON_ATLAS_MOAR_UNITS_PORTRAITS" Index="26"/>

        <!-- Panzer -->
        <Row Name="ICON_UNIT_PANZER" Atlas="ICON_ATLAS_MOAR_UNITS" Index="15"/>
        <Row Name="ICON_UNIT_PANZER_BLACK" Atlas="ICON_ATLAS_MOAR_UNITS" Index="15"/>
        <Row Name="ICON_UNIT_PANZER_WHITE" Atlas="ICON_ATLAS_MOAR_UNITS" Index="15"/>
        <Row Name="ICON_UNIT_PANZER_PORTRAIT" Atlas="ICON_ATLAS_MOAR_UNITS_PORTRAITS" Index="15"/>
        <Row Name="ICON_ETHNICITY_AFRICAN_UNIT_PANZER_PORTRAIT" Atlas="ICON_ATLAS_MOAR_UNITS_PORTRAITS" Index="15"/>
        <Row Name="ICON_ETHNICITY_SOUTHAM_UNIT_PANZER_PORTRAIT" Atlas="ICON_ATLAS_MOAR_UNITS_PORTRAITS" Index="15"/>
        <Row Name="ICON_ETHNICITY_MEDIT_UNIT_PANZER_PORTRAIT" Atlas="ICON_ATLAS_MOAR_UNITS_PORTRAITS" Index="15"/>
        <Row Name="ICON_ETHNICITY_ASIAN_UNIT_PANZER_PORTRAIT" Atlas="ICON_ATLAS_MOAR_UNITS_PORTRAITS" Index="15"/>

        <!-- Phalanx -->
        <Row Name="ICON_UNIT_PHALANX" Atlas="ICON_ATLAS_MOAR_UNITS" Index="33"/>
        <Row Name="ICON_UNIT_PHALANX_BLACK" Atlas="ICON_ATLAS_MOAR_UNITS" Index="33"/>
        <Row Name="ICON_UNIT_PHALANX_WHITE" Atlas="ICON_ATLAS_MOAR_UNITS" Index="33"/>
        <Row Name="ICON_UNIT_PHALANX_PORTRAIT" Atlas="ICON_ATLAS_MOAR_UNITS_PORTRAITS" Index="33"/>
        <Row Name="ICON_ETHNICITY_AFRICAN_UNIT_PHALANX_PORTRAIT" Atlas="ICON_ATLAS_MOAR_UNITS_PORTRAITS" Index="33"/>
        <Row Name="ICON_ETHNICITY_SOUTHAM_UNIT_PHALANX_PORTRAIT" Atlas="ICON_ATLAS_MOAR_UNITS_PORTRAITS" Index="33"/>
        <Row Name="ICON_ETHNICITY_MEDIT_UNIT_PHALANX_PORTRAIT" Atlas="ICON_ATLAS_MOAR_UNITS_PORTRAITS" Index="33"/>
        <Row Name="ICON_ETHNICITY_ASIAN_UNIT_PHALANX_PORTRAIT" Atlas="ICON_ATLAS_MOAR_UNITS_PORTRAITS" Index="33"/>

        <!-- Rifleman -->
        <Row Name="ICON_UNIT_RIFLEMAN" Atlas="ICON_ATLAS_MOAR_UNITS" Index="1"/>
        <Row Name="ICON_UNIT_RIFLEMAN_BLACK" Atlas="ICON_ATLAS_MOAR_UNITS" Index="1"/>
        <Row Name="ICON_UNIT_RIFLEMAN_WHITE" Atlas="ICON_ATLAS_MOAR_UNITS" Index="1"/>
        <Row Name="ICON_UNIT_RIFLEMAN_PORTRAIT" Atlas="ICON_ATLAS_MOAR_UNITS_PORTRAITS" Index="1"/>
        <Row Name="ICON_ETHNICITY_AFRICAN_UNIT_RIFLEMAN_PORTRAIT" Atlas="ICON_ATLAS_MOAR_UNITS_PORTRAITS" Index="1"/>
        <Row Name="ICON_ETHNICITY_SOUTHAM_UNIT_RIFLEMAN_PORTRAIT" Atlas="ICON_ATLAS_MOAR_UNITS_PORTRAITS" Index="1"/>
        <Row Name="ICON_ETHNICITY_MEDIT_UNIT_RIFLEMAN_PORTRAIT" Atlas="ICON_ATLAS_MOAR_UNITS_PORTRAITS" Index="1"/>
        <Row Name="ICON_ETHNICITY_ASIAN_UNIT_RIFLEMAN_PORTRAIT" Atlas="ICON_ATLAS_MOAR_UNITS_PORTRAITS" Index="1"/>

        <!-- Sepoy -->
        <Row Name="ICON_UNIT_SEPOY" Atlas="ICON_ATLAS_MOAR_UNITS" Index="19"/>
        <Row Name="ICON_UNIT_SEPOY_BLACK" Atlas="ICON_ATLAS_MOAR_UNITS" Index="19"/>
        <Row Name="ICON_UNIT_SEPOY_WHITE" Atlas="ICON_ATLAS_MOAR_UNITS" Index="19"/>
        <Row Name="ICON_UNIT_SEPOY_PORTRAIT" Atlas="ICON_ATLAS_MOAR_UNITS_PORTRAITS" Index="19"/>
        <Row Name="ICON_ETHNICITY_AFRICAN_UNIT_SEPOY_PORTRAIT" Atlas="ICON_ATLAS_MOAR_UNITS_PORTRAITS" Index="19"/>
        <Row Name="ICON_ETHNICITY_SOUTHAM_UNIT_SEPOY_PORTRAIT" Atlas="ICON_ATLAS_MOAR_UNITS_PORTRAITS" Index="19"/>
        <Row Name="ICON_ETHNICITY_MEDIT_UNIT_SEPOY_PORTRAIT" Atlas="ICON_ATLAS_MOAR_UNITS_PORTRAITS" Index="19"/>
        <Row Name="ICON_ETHNICITY_ASIAN_UNIT_SEPOY_PORTRAIT" Atlas="ICON_ATLAS_MOAR_UNITS_PORTRAITS" Index="19"/>

        <!-- Sohei  -->
        <Row Name="ICON_UNIT_SOHEI" Atlas="ICON_ATLAS_MOAR_UNITS" Index="20"/>
        <Row Name="ICON_UNIT_SOHEI_BLACK" Atlas="ICON_ATLAS_MOAR_UNITS" Index="20"/>
        <Row Name="ICON_UNIT_SOHEI_WHITE" Atlas="ICON_ATLAS_MOAR_UNITS" Index="20"/>
        <Row Name="ICON_UNIT_SOHEI_PORTRAIT" Atlas="ICON_ATLAS_MOAR_UNITS_PORTRAITS" Index="20"/>
        <Row Name="ICON_ETHNICITY_AFRICAN_UNIT_SOHEI_PORTRAIT" Atlas="ICON_ATLAS_MOAR_UNITS_PORTRAITS" Index="20"/>
        <Row Name="ICON_ETHNICITY_SOUTHAM_UNIT_SOHEI_PORTRAIT" Atlas="ICON_ATLAS_MOAR_UNITS_PORTRAITS" Index="20"/>
        <Row Name="ICON_ETHNICITY_MEDIT_UNIT_SOHEI_PORTRAIT" Atlas="ICON_ATLAS_MOAR_UNITS_PORTRAITS" Index="20"/>
        <Row Name="ICON_ETHNICITY_ASIAN_UNIT_SOHEI_PORTRAIT" Atlas="ICON_ATLAS_MOAR_UNITS_PORTRAITS" Index="20"/>

        <!-- Landsknecht -->
        <Row Name="ICON_UNIT_LANDSKNECHT" Atlas="ICON_ATLAS_MOAR_UNITS" Index="14"/>
        <Row Name="ICON_UNIT_LANDSKNECHT_BLACK" Atlas="ICON_ATLAS_MOAR_UNITS" Index="14"/>
        <Row Name="ICON_UNIT_LANDSKNECHT_WHITE" Atlas="ICON_ATLAS_MOAR_UNITS" Index="14"/>
        <Row Name="ICON_UNIT_LANDSKNECHT_PORTRAIT" Atlas="ICON_ATLAS_MOAR_UNITS_PORTRAITS" Index="14"/>
        <Row Name="ICON_ETHNICITY_AFRICAN_UNIT_LANDSKNECHT_PORTRAIT" Atlas="ICON_ATLAS_MOAR_UNITS_PORTRAITS" Index="14"/>
        <Row Name="ICON_ETHNICITY_SOUTHAM_UNIT_LANDSKNECHT_PORTRAIT" Atlas="ICON_ATLAS_MOAR_UNITS_PORTRAITS" Index="14"/>
        <Row Name="ICON_ETHNICITY_MEDIT_UNIT_LANDSKNECHT_PORTRAIT" Atlas="ICON_ATLAS_MOAR_UNITS_PORTRAITS" Index="14"/>
        <Row Name="ICON_ETHNICITY_ASIAN_UNIT_LANDSKNECHT_PORTRAIT" Atlas="ICON_ATLAS_MOAR_UNITS_PORTRAITS" Index="14"/>

        <!-- T-34 -->
        <Row Name="ICON_UNIT_T34" Atlas="ICON_ATLAS_MOAR_UNITS" Index="28"/>
        <Row Name="ICON_UNIT_T34_BLACK" Atlas="ICON_ATLAS_MOAR_UNITS" Index="28"/>
        <Row Name="ICON_UNIT_T34_WHITE" Atlas="ICON_ATLAS_MOAR_UNITS" Index="28"/>
        <Row Name="ICON_UNIT_T34_PORTRAIT" Atlas="ICON_ATLAS_MOAR_UNITS_PORTRAITS" Index="28"/>
        <Row Name="ICON_ETHNICITY_AFRICAN_UNIT_T34_PORTRAIT" Atlas="ICON_ATLAS_MOAR_UNITS_PORTRAITS" Index="28"/>
        <Row Name="ICON_ETHNICITY_SOUTHAM_UNIT_T34_PORTRAIT" Atlas="ICON_ATLAS_MOAR_UNITS_PORTRAITS" Index="28"/>
        <Row Name="ICON_ETHNICITY_MEDIT_UNIT_T34_PORTRAIT" Atlas="ICON_ATLAS_MOAR_UNITS_PORTRAITS" Index="28"/>
        <Row Name="ICON_ETHNICITY_ASIAN_UNIT_T34_PORTRAIT" Atlas="ICON_ATLAS_MOAR_UNITS_PORTRAITS" Index="28"/>

        <!-- Tercio -->
        <Row Name="ICON_UNIT_TERCIO" Atlas="ICON_ATLAS_MOAR_UNITS" Index="32"/>
        <Row Name="ICON_UNIT_TERCIO_BLACK" Atlas="ICON_ATLAS_MOAR_UNITS" Index="32"/>
        <Row Name="ICON_UNIT_TERCIO_WHITE" Atlas="ICON_ATLAS_MOAR_UNITS" Index="32"/>
        <Row Name="ICON_UNIT_TERCIO_PORTRAIT" Atlas="ICON_ATLAS_MOAR_UNITS_PORTRAITS" Index="32"/>
        <Row Name="ICON_ETHNICITY_AFRICAN_UNIT_TERCIO_PORTRAIT" Atlas="ICON_ATLAS_MOAR_UNITS_PORTRAITS" Index="32"/>
        <Row Name="ICON_ETHNICITY_SOUTHAM_UNIT_TERCIO_PORTRAIT" Atlas="ICON_ATLAS_MOAR_UNITS_PORTRAITS" Index="32"/>
        <Row Name="ICON_ETHNICITY_MEDIT_UNIT_TERCIO_PORTRAIT" Atlas="ICON_ATLAS_MOAR_UNITS_PORTRAITS" Index="32"/>
        <Row Name="ICON_ETHNICITY_ASIAN_UNIT_TERCIO_PORTRAIT" Atlas="ICON_ATLAS_MOAR_UNITS_PORTRAITS" Index="32"/>

        <!-- Sickle Swordsman -->
        <Row Name="ICON_UNIT_VULTURE" Atlas="ICON_ATLAS_MOAR_UNITS" Index="34"/>
        <Row Name="ICON_UNIT_VULTURE_BLACK" Atlas="ICON_ATLAS_MOAR_UNITS" Index="34"/>
        <Row Name="ICON_UNIT_VULTURE_WHITE" Atlas="ICON_ATLAS_MOAR_UNITS" Index="34"/>
        <Row Name="ICON_UNIT_VULTURE_PORTRAIT" Atlas="ICON_ATLAS_MOAR_UNITS_PORTRAITS" Index="34"/>
        <Row Name="ICON_ETHNICITY_AFRICAN_UNIT_VULTURE_PORTRAIT" Atlas="ICON_ATLAS_MOAR_UNITS_PORTRAITS" Index="34"/>
        <Row Name="ICON_ETHNICITY_SOUTHAM_UNIT_VULTURE_PORTRAIT" Atlas="ICON_ATLAS_MOAR_UNITS_PORTRAITS" Index="34"/>
        <Row Name="ICON_ETHNICITY_MEDIT_UNIT_VULTURE_PORTRAIT" Atlas="ICON_ATLAS_MOAR_UNITS_PORTRAITS" Index="34"/>
        <Row Name="ICON_ETHNICITY_ASIAN_UNIT_VULTURE_PORTRAIT" Atlas="ICON_ATLAS_MOAR_UNITS_PORTRAITS" Index="34"/>

        <!-- Tessarakonteres -->
        <Row Name="ICON_UNIT_WAR_GALLEY" Atlas="ICON_ATLAS_MOAR_UNITS" Index="10"/>
        <Row Name="ICON_UNIT_WAR_GALLEY_BLACK" Atlas="ICON_ATLAS_MOAR_UNITS" Index="10"/>
        <Row Name="ICON_UNIT_WAR_GALLEY_WHITE" Atlas="ICON_ATLAS_MOAR_UNITS" Index="10"/>
        <Row Name="ICON_UNIT_WAR_GALLEY_PORTRAIT" Atlas="ICON_ATLAS_MOAR_UNITS_PORTRAITS" Index="10"/>
        <Row Name="ICON_ETHNICITY_AFRICAN_UNIT_WAR_GALLEY_PORTRAIT" Atlas="ICON_ATLAS_MOAR_UNITS_PORTRAITS" Index="10"/>
        <Row Name="ICON_ETHNICITY_SOUTHAM_UNIT_WAR_GALLEY_PORTRAIT" Atlas="ICON_ATLAS_MOAR_UNITS_PORTRAITS" Index="10"/>
        <Row Name="ICON_ETHNICITY_MEDIT_UNIT_WAR_GALLEY_PORTRAIT" Atlas="ICON_ATLAS_MOAR_UNITS_PORTRAITS" Index="10"/>
        <Row Name="ICON_ETHNICITY_ASIAN_UNIT_WAR_GALLEY_PORTRAIT" Atlas="ICON_ATLAS_MOAR_UNITS_PORTRAITS" Index="10"/>

        <!-- Yamato -->
        <Row Name="ICON_UNIT_YAMATO" Atlas="ICON_ATLAS_MOAR_UNITS" Index="21"/>
        <Row Name="ICON_UNIT_YAMATO_BLACK" Atlas="ICON_ATLAS_MOAR_UNITS" Index="21"/>
        <Row Name="ICON_UNIT_YAMATO_WHITE" Atlas="ICON_ATLAS_MOAR_UNITS" Index="21"/>
        <Row Name="ICON_UNIT_YAMATO_PORTRAIT" Atlas="ICON_ATLAS_MOAR_UNITS_PORTRAITS" Index="21"/>
        <Row Name="ICON_ETHNICITY_AFRICAN_UNIT_YAMATO_PORTRAIT" Atlas="ICON_ATLAS_MOAR_UNITS_PORTRAITS" Index="21"/>
        <Row Name="ICON_ETHNICITY_SOUTHAM_UNIT_YAMATO_PORTRAIT" Atlas="ICON_ATLAS_MOAR_UNITS_PORTRAITS" Index="21"/>
        <Row Name="ICON_ETHNICITY_MEDIT_UNIT_YAMATO_PORTRAIT" Atlas="ICON_ATLAS_MOAR_UNITS_PORTRAITS" Index="21"/>
        <Row Name="ICON_ETHNICITY_ASIAN_UNIT_YAMATO_PORTRAIT" Atlas="ICON_ATLAS_MOAR_UNITS_PORTRAITS" Index="21"/>

        <!-- Armatolos -->
        <Row Name="ICON_UNIT_ARMATOLOS" Atlas="ICON_ATLAS_MOAR_UNITS" Index="17"/>
        <Row Name="ICON_UNIT_ARMATOLOS_BLACK" Atlas="ICON_ATLAS_MOAR_UNITS" Index="17"/>
        <Row Name="ICON_UNIT_ARMATOLOS_WHITE" Atlas="ICON_ATLAS_MOAR_UNITS" Index="17"/>
        <Row Name="ICON_UNIT_ARMATOLOS_PORTRAIT" Atlas="ICON_ATLAS_MOAR_UNITS_PORTRAITS" Index="17"/>
        <Row Name="ICON_ETHNICITY_AFRICAN_UNIT_ARMATOLOS_PORTRAIT" Atlas="ICON_ATLAS_MOAR_UNITS_PORTRAITS" Index="17"/>
        <Row Name="ICON_ETHNICITY_SOUTHAM_UNIT_ARMATOLOS_PORTRAIT" Atlas="ICON_ATLAS_MOAR_UNITS_PORTRAITS" Index="17"/>
        <Row Name="ICON_ETHNICITY_MEDIT_UNIT_ARMATOLOS_PORTRAIT" Atlas="ICON_ATLAS_MOAR_UNITS_PORTRAITS" Index="17"/>
        <Row Name="ICON_ETHNICITY_ASIAN_UNIT_ARMATOLOS_PORTRAIT" Atlas="ICON_ATLAS_MOAR_UNITS_PORTRAITS" Index="17"/>

        <!-- Ghazi -->
        <Row Name="ICON_UNIT_GHAZI" Atlas="ICON_ATLAS_MOAR_UNITS" Index="4"/>
        <Row Name="ICON_UNIT_GHAZI_BLACK" Atlas="ICON_ATLAS_MOAR_UNITS" Index="4"/>
        <Row Name="ICON_UNIT_GHAZI_WHITE" Atlas="ICON_ATLAS_MOAR_UNITS" Index="4"/>
        <Row Name="ICON_UNIT_GHAZI_PORTRAIT" Atlas="ICON_ATLAS_MOAR_UNITS_PORTRAITS" Index="4"/>
        <Row Name="ICON_ETHNICITY_AFRICAN_UNIT_GHAZI_PORTRAIT" Atlas="ICON_ATLAS_MOAR_UNITS_PORTRAITS" Index="4"/>
        <Row Name="ICON_ETHNICITY_SOUTHAM_UNIT_GHAZI_PORTRAIT" Atlas="ICON_ATLAS_MOAR_UNITS_PORTRAITS" Index="4"/>
        <Row Name="ICON_ETHNICITY_MEDIT_UNIT_GHAZI_PORTRAIT" Atlas="ICON_ATLAS_MOAR_UNITS_PORTRAITS" Index="4"/>
        <Row Name="ICON_ETHNICITY_ASIAN_UNIT_GHAZI_PORTRAIT" Atlas="ICON_ATLAS_MOAR_UNITS_PORTRAITS" Index="4"/>

        <!-- Shigong -->
        <Row Name="ICON_UNIT_SHIGONG" Atlas="ICON_ATLAS_MOAR_UNITS" Index="8"/>
        <Row Name="ICON_UNIT_SHIGONG_BLACK" Atlas="ICON_ATLAS_MOAR_UNITS" Index="8"/>
        <Row Name="ICON_UNIT_SHIGONG_WHITE" Atlas="ICON_ATLAS_MOAR_UNITS" Index="8"/>
        <Row Name="ICON_UNIT_SHIGONG_PORTRAIT" Atlas="ICON_ATLAS_MOAR_UNITS_PORTRAITS" Index="8"/>
        <Row Name="ICON_ETHNICITY_AFRICAN_UNIT_SHIGONG_PORTRAIT" Atlas="ICON_ATLAS_MOAR_UNITS_PORTRAITS" Index="8"/>
        <Row Name="ICON_ETHNICITY_SOUTHAM_UNIT_SHIGONG_PORTRAIT" Atlas="ICON_ATLAS_MOAR_UNITS_PORTRAITS" Index="8"/>
        <Row Name="ICON_ETHNICITY_MEDIT_UNIT_SHIGONG_PORTRAIT" Atlas="ICON_ATLAS_MOAR_UNITS_PORTRAITS" Index="8"/>
        <Row Name="ICON_ETHNICITY_ASIAN_UNIT_SHIGONG_PORTRAIT" Atlas="ICON_ATLAS_MOAR_UNITS_PORTRAITS" Index="8"/>

        <!-- Marine -->
        <Row Name="ICON_UNIT_FRENCH_MARINE" Atlas="ICON_ATLAS_MOAR_UNITS" Index="13"/>
        <Row Name="ICON_UNIT_FRENCH_MARINE_BLACK" Atlas="ICON_ATLAS_MOAR_UNITS" Index="13"/>
        <Row Name="ICON_UNIT_FRENCH_MARINE_WHITE" Atlas="ICON_ATLAS_MOAR_UNITS" Index="13"/>
        <Row Name="ICON_UNIT_FRENCH_MARINE_PORTRAIT" Atlas="ICON_ATLAS_MOAR_UNITS_PORTRAITS" Index="13"/>
        <Row Name="ICON_ETHNICITY_AFRICAN_UNIT_FRENCH_MARINE_PORTRAIT" Atlas="ICON_ATLAS_MOAR_UNITS_PORTRAITS" Index="13"/>
        <Row Name="ICON_ETHNICITY_SOUTHAM_UNIT_FRENCH_MARINE_PORTRAIT" Atlas="ICON_ATLAS_MOAR_UNITS_PORTRAITS" Index="13"/>
        <Row Name="ICON_ETHNICITY_MEDIT_UNIT_FRENCH_MARINE_PORTRAIT" Atlas="ICON_ATLAS_MOAR_UNITS_PORTRAITS" Index="13"/>
        <Row Name="ICON_ETHNICITY_ASIAN_UNIT_FRENCH_MARINE_PORTRAIT" Atlas="ICON_ATLAS_MOAR_UNITS_PORTRAITS" Index="13"/>

        <!-- Medicine Man -->
        <Row Name="ICON_UNIT_MEDICINE_MAN" Atlas="ICON_ATLAS_MOAR_UNITS" Index="23"/>
        <Row Name="ICON_UNIT_MEDICINE_MAN_BLACK" Atlas="ICON_ATLAS_MOAR_UNITS" Index="23"/>
        <Row Name="ICON_UNIT_MEDICINE_MAN_WHITE" Atlas="ICON_ATLAS_MOAR_UNITS" Index="23"/>
        <Row Name="ICON_UNIT_MEDICINE_MAN_PORTRAIT" Atlas="ICON_ATLAS_MOAR_UNITS_PORTRAITS" Index="23"/>
        <Row Name="ICON_ETHNICITY_AFRICAN_UNIT_MEDICINE_MAN_PORTRAIT" Atlas="ICON_ATLAS_MOAR_UNITS_PORTRAITS" Index="23"/>
        <Row Name="ICON_ETHNICITY_SOUTHAM_UNIT_MEDICINE_MAN_PORTRAIT" Atlas="ICON_ATLAS_MOAR_UNITS_PORTRAITS" Index="23"/>
        <Row Name="ICON_ETHNICITY_MEDIT_UNIT_MEDICINE_MAN_PORTRAIT" Atlas="ICON_ATLAS_MOAR_UNITS_PORTRAITS" Index="23"/>
        <Row Name="ICON_ETHNICITY_ASIAN_UNIT_MEDICINE_MAN_PORTRAIT" Atlas="ICON_ATLAS_MOAR_UNITS_PORTRAITS" Index="23"/>

        <!-- Longswordsman -->
        <Row Name="ICON_UNIT_MACEMAN" Atlas="ICON_ATLAS_MOAR_UNITS" Index="43"/>
        <Row Name="ICON_UNIT_MACEMAN_BLACK" Atlas="ICON_ATLAS_MOAR_UNITS" Index="43"/>
        <Row Name="ICON_UNIT_MACEMAN_WHITE" Atlas="ICON_ATLAS_MOAR_UNITS" Index="43"/>
        <Row Name="ICON_UNIT_MACEMAN_PORTRAIT" Atlas="ICON_ATLAS_MOAR_UNITS_PORTRAITS" Index="43"/>
        <Row Name="ICON_ETHNICITY_AFRICAN_UNIT_MACEMAN_PORTRAIT" Atlas="ICON_ATLAS_MOAR_UNITS_PORTRAITS" Index="43"/>
        <Row Name="ICON_ETHNICITY_SOUTHAM_UNIT_MACEMAN_PORTRAIT" Atlas="ICON_ATLAS_MOAR_UNITS_PORTRAITS" Index="43"/>
        <Row Name="ICON_ETHNICITY_MEDIT_UNIT_MACEMAN_PORTRAIT" Atlas="ICON_ATLAS_MOAR_UNITS_PORTRAITS" Index="43"/>
        <Row Name="ICON_ETHNICITY_ASIAN_UNIT_MACEMAN_PORTRAIT" Atlas="ICON_ATLAS_MOAR_UNITS_PORTRAITS" Index="43"/>

        <!-- Explorer -->
        <Row Name="ICON_UNIT_EXPLORER" Atlas="ICON_ATLAS_MOAR_UNITS" Index="40"/>
        <Row Name="ICON_UNIT_EXPLORER_BLACK" Atlas="ICON_ATLAS_MOAR_UNITS" Index="40"/>
        <Row Name="ICON_UNIT_EXPLORER_WHITE" Atlas="ICON_ATLAS_MOAR_UNITS" Index="40"/>
        <Row Name="ICON_UNIT_EXPLORER_PORTRAIT" Atlas="ICON_ATLAS_MOAR_UNITS_PORTRAITS" Index="40"/>
        <Row Name="ICON_ETHNICITY_AFRICAN_UNIT_EXPLORER_PORTRAIT" Atlas="ICON_ATLAS_MOAR_UNITS_PORTRAITS" Index="40"/>
        <Row Name="ICON_ETHNICITY_SOUTHAM_UNIT_EXPLORER_PORTRAIT" Atlas="ICON_ATLAS_MOAR_UNITS_PORTRAITS" Index="40"/>
        <Row Name="ICON_ETHNICITY_MEDIT_UNIT_EXPLORER_PORTRAIT" Atlas="ICON_ATLAS_MOAR_UNITS_PORTRAITS" Index="40"/>
        <Row Name="ICON_ETHNICITY_ASIAN_UNIT_EXPLORER_PORTRAIT" Atlas="ICON_ATLAS_MOAR_UNITS_PORTRAITS" Index="40"/>

        <!-- Sniper -->
        <Row Name="ICON_UNIT_SNIPER" Atlas="ICON_ATLAS_MOAR_UNITS" Index="51"/>
        <Row Name="ICON_UNIT_SNIPER_BLACK" Atlas="ICON_ATLAS_MOAR_UNITS" Index="51"/>
        <Row Name="ICON_UNIT_SNIPER_WHITE" Atlas="ICON_ATLAS_MOAR_UNITS" Index="51"/>
        <Row Name="ICON_UNIT_SNIPER_PORTRAIT" Atlas="ICON_ATLAS_MOAR_UNITS_PORTRAITS" Index="51"/>
        <Row Name="ICON_ETHNICITY_AFRICAN_UNIT_SNIPER_PORTRAIT" Atlas="ICON_ATLAS_MOAR_UNITS_PORTRAITS" Index="51"/>
        <Row Name="ICON_ETHNICITY_SOUTHAM_UNIT_SNIPER_PORTRAIT" Atlas="ICON_ATLAS_MOAR_UNITS_PORTRAITS" Index="51"/>
        <Row Name="ICON_ETHNICITY_MEDIT_UNIT_SNIPER_PORTRAIT" Atlas="ICON_ATLAS_MOAR_UNITS_PORTRAITS" Index="51"/>
        <Row Name="ICON_ETHNICITY_ASIAN_UNIT_SNIPER_PORTRAIT" Atlas="ICON_ATLAS_MOAR_UNITS_PORTRAITS" Index="51"/>

        <!-- (Medieval) Horseman -->
        <Row Name="ICON_UNIT_MEDIEVAL_HORSEMAN" Atlas="ICON_ATLAS_MOAR_UNITS" Index="38"/>
        <Row Name="ICON_UNIT_MEDIEVAL_HORSEMAN_BLACK" Atlas="ICON_ATLAS_MOAR_UNITS" Index="38"/>
        <Row Name="ICON_UNIT_MEDIEVAL_HORSEMAN_WHITE" Atlas="ICON_ATLAS_MOAR_UNITS" Index="38"/>
        <Row Name="ICON_UNIT_MEDIEVAL_HORSEMAN_PORTRAIT" Atlas="ICON_ATLAS_MOAR_UNITS_PORTRAITS" Index="38"/>
        <Row Name="ICON_ETHNICITY_AFRICAN_UNIT_MEDIEVAL_HORSEMAN_PORTRAIT" Atlas="ICON_ATLAS_MOAR_UNITS_PORTRAITS" Index="38"/>
        <Row Name="ICON_ETHNICITY_SOUTHAM_UNIT_MEDIEVAL_HORSEMAN_PORTRAIT" Atlas="ICON_ATLAS_MOAR_UNITS_PORTRAITS" Index="38"/>
        <Row Name="ICON_ETHNICITY_MEDIT_UNIT_MEDIEVAL_HORSEMAN_PORTRAIT" Atlas="ICON_ATLAS_MOAR_UNITS_PORTRAITS" Index="38"/>
        <Row Name="ICON_ETHNICITY_ASIAN_UNIT_MEDIEVAL_HORSEMAN_PORTRAIT" Atlas="ICON_ATLAS_MOAR_UNITS_PORTRAITS" Index="38"/>

        <!-- Modern Sniper -->
        <Row Name="ICON_UNIT_MODERN_SNIPER" Atlas="ICON_ATLAS_MOAR_UNITS" Index="41"/>
        <Row Name="ICON_UNIT_MODERN_SNIPER_BLACK" Atlas="ICON_ATLAS_MOAR_UNITS" Index="41"/>
        <Row Name="ICON_UNIT_MODERN_SNIPER_WHITE" Atlas="ICON_ATLAS_MOAR_UNITS" Index="41"/>
        <Row Name="ICON_UNIT_MODERN_SNIPER_PORTRAIT" Atlas="ICON_ATLAS_MOAR_UNITS_PORTRAITS" Index="41"/>
        <Row Name="ICON_ETHNICITY_AFRICAN_UNIT_MODERN_SNIPER_PORTRAIT" Atlas="ICON_ATLAS_MOAR_UNITS_PORTRAITS" Index="41"/>
        <Row Name="ICON_ETHNICITY_SOUTHAM_UNIT_MODERN_SNIPER_PORTRAIT" Atlas="ICON_ATLAS_MOAR_UNITS_PORTRAITS" Index="41"/>
        <Row Name="ICON_ETHNICITY_MEDIT_UNIT_MODERN_SNIPER_PORTRAIT" Atlas="ICON_ATLAS_MOAR_UNITS_PORTRAITS" Index="41"/>
        <Row Name="ICON_ETHNICITY_ASIAN_UNIT_MODERN_SNIPER_PORTRAIT" Atlas="ICON_ATLAS_MOAR_UNITS_PORTRAITS" Index="41"/>

        <!-- Recon -->
        <Row Name="ICON_UNIT_RECON" Atlas="ICON_ATLAS_MOAR_UNITS" Index="50"/>
        <Row Name="ICON_UNIT_RECON_BLACK" Atlas="ICON_ATLAS_MOAR_UNITS" Index="50"/>
        <Row Name="ICON_UNIT_RECON_WHITE" Atlas="ICON_ATLAS_MOAR_UNITS" Index="50"/>
        <Row Name="ICON_UNIT_RECON_PORTRAIT" Atlas="ICON_ATLAS_MOAR_UNITS_PORTRAITS" Index="50"/>
        <Row Name="ICON_ETHNICITY_AFRICAN_UNIT_RECON_PORTRAIT" Atlas="ICON_ATLAS_MOAR_UNITS_PORTRAITS" Index="50"/>
        <Row Name="ICON_ETHNICITY_SOUTHAM_UNIT_RECON_PORTRAIT" Atlas="ICON_ATLAS_MOAR_UNITS_PORTRAITS" Index="50"/>
        <Row Name="ICON_ETHNICITY_MEDIT_UNIT_RECON_PORTRAIT" Atlas="ICON_ATLAS_MOAR_UNITS_PORTRAITS" Index="50"/>
        <Row Name="ICON_ETHNICITY_ASIAN_UNIT_RECON_PORTRAIT" Atlas="ICON_ATLAS_MOAR_UNITS_PORTRAITS" Index="50"/>

        <!-- American AH64 Apache -->
        <Row Name="ICON_UNIT_AMERICAN_AH64_APACHE" Atlas="ICON_ATLAS_MOAR_UNITS" Index="47"/>
        <Row Name="ICON_UNIT_AMERICAN_AH64_APACHE_BLACK" Atlas="ICON_ATLAS_MOAR_UNITS" Index="47"/>
        <Row Name="ICON_UNIT_AMERICAN_AH64_APACHE_WHITE" Atlas="ICON_ATLAS_MOAR_UNITS" Index="47"/>
        <Row Name="ICON_UNIT_AMERICAN_AH64_APACHE_PORTRAIT" Atlas="ICON_ATLAS_MOAR_UNITS_PORTRAITS" Index="47"/>
        <Row Name="ICON_ETHNICITY_AFRICAN_UNIT_AMERICAN_AH64_APACHE_PORTRAIT" Atlas="ICON_ATLAS_MOAR_UNITS_PORTRAITS" Index="47"/>
        <Row Name="ICON_ETHNICITY_SOUTHAM_UNIT_AMERICAN_AH64_APACHE_PORTRAIT" Atlas="ICON_ATLAS_MOAR_UNITS_PORTRAITS" Index="47"/>
        <Row Name="ICON_ETHNICITY_MEDIT_UNIT_AMERICAN_AH64_APACHE_PORTRAIT" Atlas="ICON_ATLAS_MOAR_UNITS_PORTRAITS" Index="47"/>
        <Row Name="ICON_ETHNICITY_ASIAN_UNIT_AMERICAN_AH64_APACHE_PORTRAIT" Atlas="ICON_ATLAS_MOAR_UNITS_PORTRAITS" Index="47"/>

        <!-- English Ironside-->
        <Row Name="ICON_UNIT_ENGLISH_IRONSIDE" Atlas="ICON_ATLAS_MOAR_UNITS" Index="45"/>
        <Row Name="ICON_UNIT_ENGLISH_IRONSIDE_BLACK" Atlas="ICON_ATLAS_MOAR_UNITS" Index="45"/>
        <Row Name="ICON_UNIT_ENGLISH_IRONSIDE_WHITE" Atlas="ICON_ATLAS_MOAR_UNITS" Index="45"/>
        <Row Name="ICON_UNIT_ENGLISH_IRONSIDE_PORTRAIT" Atlas="ICON_ATLAS_MOAR_UNITS_PORTRAITS" Index="45"/>
        <Row Name="ICON_ETHNICITY_AFRICAN_UNIT_ENGLISH_IRONSIDE_PORTRAIT" Atlas="ICON_ATLAS_MOAR_UNITS_PORTRAITS" Index="45"/>
        <Row Name="ICON_ETHNICITY_SOUTHAM_UNIT_ENGLISH_IRONSIDE_PORTRAIT" Atlas="ICON_ATLAS_MOAR_UNITS_PORTRAITS" Index="45"/>
        <Row Name="ICON_ETHNICITY_MEDIT_UNIT_ENGLISH_IRONSIDE_PORTRAIT" Atlas="ICON_ATLAS_MOAR_UNITS_PORTRAITS" Index="45"/>
        <Row Name="ICON_ETHNICITY_ASIAN_UNIT_ENGLISH_IRONSIDE_PORTRAIT" Atlas="ICON_ATLAS_MOAR_UNITS_PORTRAITS" Index="45"/>
        
        <!-- Ulfhednar -->
        <Row Name="ICON_UNIT_NORWEGIAN_ULFHEDNAR" Atlas="ICON_ATLAS_MOAR_UNITS" Index="46"/>
        <Row Name="ICON_UNIT_NORWEGIAN_ULFHEDNAR_BLACK" Atlas="ICON_ATLAS_MOAR_UNITS" Index="46"/>
        <Row Name="ICON_UNIT_NORWEGIAN_ULFHEDNAR_WHITE" Atlas="ICON_ATLAS_MOAR_UNITS" Index="46"/>
        <Row Name="ICON_UNIT_NORWEGIAN_ULFHEDNAR_PORTRAIT" Atlas="ICON_ATLAS_MOAR_UNITS_PORTRAITS" Index="46"/>
        <Row Name="ICON_ETHNICITY_AFRICAN_UNIT_NORWEGIAN_ULFHEDNAR_PORTRAIT" Atlas="ICON_ATLAS_MOAR_UNITS_PORTRAITS" Index="46"/>
        <Row Name="ICON_ETHNICITY_SOUTHAM_UNIT_NORWEGIAN_ULFHEDNAR_PORTRAIT" Atlas="ICON_ATLAS_MOAR_UNITS_PORTRAITS" Index="46"/>
        <Row Name="ICON_ETHNICITY_MEDIT_UNIT_NORWEGIAN_ULFHEDNAR_PORTRAIT" Atlas="ICON_ATLAS_MOAR_UNITS_PORTRAITS" Index="46"/>
        <Row Name="ICON_ETHNICITY_ASIAN_UNIT_NORWEGIAN_ULFHEDNAR_PORTRAIT" Atlas="ICON_ATLAS_MOAR_UNITS_PORTRAITS" Index="46"/>

        <!-- Gatling Gun -->
        <Row Name="ICON_UNIT_GATLING_GUN" Atlas="ICON_ATLAS_MOAR_UNITS" Index="48"/>
        <Row Name="ICON_UNIT_GATLING_GUN_BLACK" Atlas="ICON_ATLAS_MOAR_UNITS" Index="48"/>
        <Row Name="ICON_UNIT_GATLING_GUN_WHITE" Atlas="ICON_ATLAS_MOAR_UNITS" Index="48"/>
        <Row Name="ICON_UNIT_GATLING_GUN_PORTRAIT" Atlas="ICON_ATLAS_MOAR_UNITS_PORTRAITS" Index="48"/>
        <Row Name="ICON_ETHNICITY_AFRICAN_UNIT_GATLING_GUN_PORTRAIT" Atlas="ICON_ATLAS_MOAR_UNITS_PORTRAITS" Index="48"/>
        <Row Name="ICON_ETHNICITY_SOUTHAM_UNIT_GATLING_GUN_PORTRAIT" Atlas="ICON_ATLAS_MOAR_UNITS_PORTRAITS" Index="48"/>
        <Row Name="ICON_ETHNICITY_MEDIT_UNIT_GATLING_GUN_PORTRAIT" Atlas="ICON_ATLAS_MOAR_UNITS_PORTRAITS" Index="48"/>
        <Row Name="ICON_ETHNICITY_ASIAN_UNIT_GATLING_GUN_PORTRAIT" Atlas="ICON_ATLAS_MOAR_UNITS_PORTRAITS" Index="48"/>

        <!-- Trebuchet -->
        <Row Name="ICON_UNIT_TREBUCHET" Atlas="ICON_ATLAS_MOAR_UNITS" Index="52"/>
        <Row Name="ICON_UNIT_TREBUCHET_BLACK" Atlas="ICON_ATLAS_MOAR_UNITS" Index="52"/>
        <Row Name="ICON_UNIT_TREBUCHET_WHITE" Atlas="ICON_ATLAS_MOAR_UNITS" Index="52"/>
        <Row Name="ICON_UNIT_TREBUCHET_PORTRAIT" Atlas="ICON_ATLAS_MOAR_UNITS_PORTRAITS" Index="52"/>
        <Row Name="ICON_ETHNICITY_AFRICAN_UNIT_TREBUCHET_PORTRAIT"  Atlas="ICON_ATLAS_MOAR_UNITS_PORTRAITS" Index="52"/>
        <Row Name="ICON_ETHNICITY_SOUTHAM_UNIT_TREBUCHET_PORTRAIT"  Atlas="ICON_ATLAS_MOAR_UNITS_PORTRAITS" Index="52"/>
        <Row Name="ICON_ETHNICITY_MEDIT_UNIT_TREBUCHET_PORTRAIT"  Atlas="ICON_ATLAS_MOAR_UNITS_PORTRAITS" Index="52"/>
        <Row Name="ICON_ETHNICITY_ASIAN_UNIT_TREBUCHET_PORTRAIT"  Atlas="ICON_ATLAS_MOAR_UNITS_PORTRAITS" Index="52"/>
    </IconDefinitions>
</GameInfo>