<?xml version="1.0" encoding="utf-8"?>
<GameInfo>
	<PlayerItems>
		<Row CivilizationType="CIVILIZATION_FRANCE" LeaderType="LEADER_CATHERINE_DE_MEDICI" Type="UNIT_GENDARME" Icon="ICON_UNIT_GENDARME" Name="LOC_UNIT_GENDARME_NAME" Description="LOC_UNIT_GENDARME_DESCRIPTION" SortIndex="8"/>
		<Row CivilizationType="CIVILIZATION_FRANCE" LeaderType="LEADER_CATHERINE_DE_MEDICI" Type="UNIT_FRENCH_MARINE" Icon="ICON_UNIT_FRENCH_MARINE" Name="LOC_UNIT_FRENCH_MARINE_NAME" Description="LOC_UNIT_FRENCH_MARINE_DESCRIPTION" SortIndex="9"/>
		<Row CivilizationType="CIVILIZATION_EGYPT" LeaderType="LEADER_CLEOPATRA" Type="UNIT_HYKSOS_BOWMAN" Icon="ICON_UNIT_HYKSOS_BOWMAN" Name="LOC_UNIT_HYKSOS_BOWMAN_NAME" Description="LOC_UNIT_HYKSOS_BOWMAN_DESCRIPTION" SortIndex="9"/>
		<Row CivilizationType="CIVILIZATION_EGYPT" LeaderType="LEADER_CLEOPATRA" Type="UNIT_WAR_GALLEY" Icon="ICON_UNIT_WAR_GALLEY" Name="LOC_UNIT_WAR_GALLEY_NAME" Description="LOC_UNIT_WAR_GALLEY_DESCRIPTION" SortIndex="11"/>
		<Row CivilizationType="CIVILIZATION_GERMANY" LeaderType="LEADER_BARBAROSSA" Type="UNIT_LANDSKNECHT" Icon="ICON_UNIT_LANDSKNECHT" Name="LOC_UNIT_LANDSKNECHT_NAME" Description="LOC_UNIT_LANDSKNECHT_DESCRIPTION" SortIndex="9"/>
		<Row CivilizationType="CIVILIZATION_GERMANY" LeaderType="LEADER_BARBAROSSA" Type="UNIT_PANZER" Icon="ICON_UNIT_PANZER" Name="LOC_UNIT_PANZER_NAME" Description="LOC_UNIT_PANZER_DESCRIPTION" SortIndex="11"/>
		<Row CivilizationType="CIVILIZATION_INDIA" LeaderType="LEADER_GANDHI" Type="UNIT_MUGHAL_SOWAR" Icon="ICON_UNIT_MUGHAL_SOWAR" Name="LOC_UNIT_MUGHAL_SOWAR_NAME" Description="LOC_UNIT_MUGHAL_SOWAR_DESCRIPTION" SortIndex="11"/>
		<Row CivilizationType="CIVILIZATION_INDIA" LeaderType="LEADER_GANDHI" Type="UNIT_SEPOY" Icon="ICON_UNIT_SEPOY" Name="LOC_UNIT_SEPOY_NAME" Description="LOC_UNIT_SEPOY_DESCRIPTION" SortIndex="12"/>
		<Row CivilizationType="CIVILIZATION_SUMERIA" LeaderType="LEADER_GILGAMESH" Type="UNIT_PHALANX" Icon="ICON_UNIT_PHALANX" Name="LOC_UNIT_PHALANX_NAME" Description="LOC_UNIT_PHALANX_DESCRIPTION" SortIndex="11"/>
		<Row CivilizationType="CIVILIZATION_SUMERIA" LeaderType="LEADER_GILGAMESH" Type="UNIT_VULTURE" Icon="ICON_UNIT_VULTURE" Name="LOC_UNIT_VULTURE_NAME" Description="LOC_UNIT_VULTURE_DESCRIPTION" SortIndex="12"/>
		<Row CivilizationType="CIVILIZATION_GREECE" LeaderType="LEADER_GORGO" Type="UNIT_PELTAST" Icon="ICON_UNIT_PELTAST" Name="LOC_UNIT_PELTAST_NAME" Description="LOC_UNIT_PELTAST_DESCRIPTION" SortIndex="11"/>
		<Row CivilizationType="CIVILIZATION_GREECE" LeaderType="LEADER_GORGO" Type="UNIT_ARMATOLOS" Icon="ICON_UNIT_ARMATOLOS" Name="LOC_UNIT_ARMATOLOS_NAME" Description="LOC_UNIT_ARMATOLOS_DESCRIPTION" SortIndex="12"/>
		<Row CivilizationType="CIVILIZATION_NORWAY" LeaderType="LEADER_HARDRADA" Type="UNIT_HIRDMAN" Icon="ICON_UNIT_HIRDMAN" Name="LOC_UNIT_HIRDMAN_NAME" Description="LOC_UNIT_HIRDMAN_DESCRIPTION" SortIndex="19"/>
		<Row CivilizationType="CIVILIZATION_NORWAY" LeaderType="LEADER_HARDRADA" Type="UNIT_NORWEGIAN_ULFHEDNAR" Icon="ICON_UNIT_NORWEGIAN_ULFHEDNAR" Name="LOC_UNIT_NORWEGIAN_ULFHEDNAR_NAME" Description="LOC_UNIT_NORWEGIAN_ULFHEDNAR_DESCRIPTION" SortIndex="18"/>
		<Row CivilizationType="CIVILIZATION_JAPAN" LeaderType="LEADER_HOJO" Type="UNIT_SOHEI" Icon="ICON_UNIT_SOHEI" Name="LOC_UNIT_SOHEI_NAME" Description="LOC_UNIT_SOHEI_DESCRIPTION" SortIndex="11"/>
		<Row CivilizationType="CIVILIZATION_JAPAN" LeaderType="LEADER_HOJO" Type="UNIT_YAMATO" Icon="ICON_UNIT_YAMATO" Name="LOC_UNIT_YAMATO_NAME" Description="LOC_UNIT_YAMATO_DESCRIPTION" SortIndex="12"/>
		<Row CivilizationType="CIVILIZATION_KONGO" LeaderType="LEADER_MVEMBA" Type="UNIT_GARDE_REPUBLICAINE" Icon="ICON_UNIT_GARDE_REPUBLICAINE" Name="LOC_UNIT_GARDE_REPUBLICAINE_NAME" Description="LOC_UNIT_GARDE_REPUBLICAINE_DESCRIPTION" SortIndex="12"/>
		<Row CivilizationType="CIVILIZATION_KONGO" LeaderType="LEADER_MVEMBA" Type="UNIT_MEDICINE_MAN" Icon="ICON_UNIT_MEDICINE_MAN" Name="LOC_UNIT_MEDICINE_MAN_NAME" Description="LOC_UNIT_MEDICINE_MAN_DESCRIPTION" SortIndex="11"/>
		<Row CivilizationType="CIVILIZATION_BRAZIL" LeaderType="LEADER_PEDRO" Type="UNIT_FATHERLAND_VOLUNTEER" Icon="ICON_UNIT_FATHERLAND_VOLUNTEER" Name="LOC_UNIT_FATHERLAND_VOLUNTEER_NAME" Description="LOC_UNIT_FATHERLAND_VOLUNTEER_DESCRIPTION" SortIndex="9"/>
		<Row CivilizationType="CIVILIZATION_BRAZIL" LeaderType="LEADER_PEDRO" Type="UNIT_BANDEIRANTE" Icon="ICON_UNIT_BANDEIRANTE" Name="LOC_UNIT_BANDEIRANTE_NAME" Description="LOC_UNIT_BANDEIRANTE_DESCRIPTION" SortIndex="8"/>
		<Row CivilizationType="CIVILIZATION_GREECE" LeaderType="LEADER_PERICLES" Type="UNIT_PELTAST" Icon="ICON_UNIT_PELTAST" Name="LOC_UNIT_PELTAST_NAME" Description="LOC_UNIT_PELTAST_DESCRIPTION" SortIndex="11"/>
		<Row CivilizationType="CIVILIZATION_GREECE" LeaderType="LEADER_PERICLES" Type="UNIT_ARMATOLOS" Icon="ICON_UNIT_ARMATOLOS" Name="LOC_UNIT_ARMATOLOS_NAME" Description="LOC_UNIT_ARMATOLOS_DESCRIPTION" SortIndex="12"/>
		<Row CivilizationType="CIVILIZATION_RUSSIA" LeaderType="LEADER_PETER_GREAT" Type="UNIT_DRUZHINA" Icon="ICON_UNIT_DRUZHINA" Name="LOC_UNIT_DRUZHINA_NAME" Description="LOC_UNIT_DRUZHINA_DESCRIPTION" SortIndex="9"/>
		<Row CivilizationType="CIVILIZATION_RUSSIA" LeaderType="LEADER_PETER_GREAT" Type="UNIT_T34" Icon="ICON_UNIT_T34" Name="LOC_UNIT_T34_NAME" Description="LOC_UNIT_T34_DESCRIPTION" SortIndex="11"/>
		<Row CivilizationType="CIVILIZATION_SPAIN" LeaderType="LEADER_PHILIP_II" Type="UNIT_JINETE" Icon="ICON_UNIT_JINETE" Name="LOC_UNIT_JINETE_NAME" Description="LOC_UNIT_JINETE_DESCRIPTION" SortIndex="9"/>
		<Row CivilizationType="CIVILIZATION_SPAIN" LeaderType="LEADER_PHILIP_II" Type="UNIT_TERCIO" Icon="ICON_UNIT_TERCIO" Name="LOC_UNIT_TERCIO_NAME" Description="LOC_UNIT_TERCIO_DESCRIPTION" SortIndex="11"/>
		<Row CivilizationType="CIVILIZATION_CHINA" LeaderType="LEADER_QIN" Type="UNIT_CHOKONU" Icon="ICON_UNIT_CHOKONU" Name="LOC_UNIT_CHOKONU_NAME" Description="LOC_UNIT_CHOKONU_DESCRIPTION" SortIndex="9"/>
		<Row CivilizationType="CIVILIZATION_CHINA" LeaderType="LEADER_QIN" Type="UNIT_SHIGONG" Icon="ICON_UNIT_SHIGONG" Name="LOC_UNIT_SHIGONG_NAME" Description="LOC_UNIT_SHIGONG_DESCRIPTION" SortIndex="8"/>
		<Row CivilizationType="CIVILIZATION_ARABIA" LeaderType="LEADER_SALADIN" Type="UNIT_CAMEL_ARCHER" Icon="ICON_UNIT_CAMEL_ARCHER" Name="LOC_UNIT_CAMEL_ARCHER_NAME" Description="LOC_UNIT_CAMEL_ARCHER_DESCRIPTION" SortIndex="8"/>
		<Row CivilizationType="CIVILIZATION_ARABIA" LeaderType="LEADER_SALADIN" Type="UNIT_GHAZI" Icon="ICON_UNIT_GHAZI" Name="LOC_UNIT_GHAZI_NAME" Description="LOC_UNIT_GHAZI_DESCRIPTION" SortIndex="9"/>
		<Row CivilizationType="CIVILIZATION_AMERICA" LeaderType="LEADER_T_ROOSEVELT" Type="UNIT_MINUTEMAN" Icon="ICON_UNIT_MINUTEMAN" Name="LOC_UNIT_MINUTEMAN_NAME" Description="LOC_UNIT_MINUTEMAN_DESCRIPTION" SortIndex="8"/>
		<Row CivilizationType="CIVILIZATION_AMERICA" LeaderType="LEADER_T_ROOSEVELT" Type="UNIT_AMERICAN_AH64_APACHE" Icon="ICON_UNIT_AMERICAN_AH64_APACHE" Name="LOC_UNIT_AMERICAN_AH64_APACHE_NAME" Description="LOC_UNIT_AMERICAN_AH64_APACHE_DESCRIPTION" SortIndex="31"/>
		<Row CivilizationType="CIVILIZATION_SCYTHIA" LeaderType="LEADER_TOMYRIS" Type="UNIT_AMAZON" Icon="ICON_UNIT_AMAZON" Name="LOC_UNIT_AMAZON_NAME" Description="LOC_UNIT_AMAZON_DESCRIPTION" SortIndex="11"/>
		<Row CivilizationType="CIVILIZATION_SCYTHIA" LeaderType="LEADER_TOMYRIS" Type="UNIT_AMAZON_SCOUT" Icon="ICON_UNIT_AMAZON_SCOUT" Name="LOC_UNIT_AMAZON_SCOUT_NAME" Description="LOC_UNIT_AMAZON_SCOUT_DESCRIPTION" SortIndex="8"/>
		<Row CivilizationType="CIVILIZATION_ROME" LeaderType="LEADER_TRAJAN" Type="UNIT_EQUITE" Icon="ICON_UNIT_EQUITE" Name="LOC_UNIT_EQUITE_NAME" Description="LOC_UNIT_EQUITE_DESCRIPTION" SortIndex="11"/>
		<Row CivilizationType="CIVILIZATION_ROME" LeaderType="LEADER_TRAJAN" Type="UNIT_ONAGER" Icon="ICON_UNIT_ONAGER" Name="LOC_UNIT_ONAGER_NAME" Description="LOC_UNIT_ONAGER_DESCRIPTION" SortIndex="12"/>
		<Row CivilizationType="CIVILIZATION_ENGLAND" LeaderType="LEADER_VICTORIA" Type="UNIT_LONGBOWMAN" Icon="ICON_UNIT_LONGBOWMAN" Name="LOC_UNIT_LONGBOWMAN_NAME" Description="LOC_UNIT_LONGBOWMAN_DESCRIPTION" SortIndex="8"/>
		<Row CivilizationType="CIVILIZATION_ENGLAND" LeaderType="LEADER_VICTORIA" Type="UNIT_ENGLISH_IRONSIDE" Icon="ICON_UNIT_ENGLISH_IRONSIDE" Name="LOC_UNIT_ENGLISH_IRONSIDE_NAME" Description="LOC_UNIT_ENGLISH_IRONSIDE_DESCRIPTION" SortIndex="9"/>
	</PlayerItems>
</GameInfo>