<?xml version="1.0" encoding="UTF-8" standalone="yes"?>
<GameData>
	<LocalizedText>
		<Replace Tag="LOC_PEDIA_UNITS_PAGE_UNIT_HIRDMAN_CHAPTER_HISTORY_PARA_1" Language="zh_Hans_CN">
			<Text>赫德（Hird）在挪威的历史上最初是对非正式的私人武装随从或护卫的称呼。但之后，这一词汇不仅指代着皇家军队中的核心成员（御前侍卫），同时也发展成了一个更为正式的宫廷贵族称号。在哈康四世统治期间，挪威的赫德阶层不再仅仅专注于军事领域，其内部也获得了更为细致的划分。整个赫德阶层被分成了四大部分：“士绅”、“卫士”、“骑士”以及出身低微的“游人”。其中的大量赫德上层被招募为王室官员，与此同时，更多的普通官员也被吸纳进了赫德阶层之中。当赫德正式成为挪威贵族阶级中的一员时，“卫士”（Hirdman）成为了四个称号中地位最高的一个。这些豪强们在皇家评议会（类似于封建时代的内阁机构）里拥有席位，能够参与到政治以及其它一些重要事项的决策当中。</Text>
		</Replace>
		<Replace Tag="LOC_PEDIA_UNITS_PAGE_UNIT_JINETE_CHAPTER_HISTORY_PARA_1" Language="zh_Hans_CN">
			<Text>作为一个军事术语，Jinete（也可以拼写成Ginete或Genitour）指代的是装备着剑与盾以及一杆标枪的西班牙轻骑兵——一种在中世纪早期为了对抗摩尔人众多的轻骑兵而发展出来的骑兵类型。通常由西班牙进行大规模的调遣，有时甚至是整个西班牙骑兵部队中最大的组成部分。直到16世纪为止，在整个收复失地运动里，他们在西班牙的骑兵战中始终扮演着举足轻重的角色。</Text>
		</Replace>
		<Replace Tag="LOC_PEDIA_UNITS_PAGE_UNIT_MINUTEMAN_CHAPTER_HISTORY_PARA_1" Language="zh_Hans_CN">
			<Text>快速民兵（Minuteman）或译为“一分钟人”，是北美独立战争期间从殖民地民兵中特别选拔出来的精英战士。他们是一种“快速反应”部队，其任务是在敌人进攻时迅速投入战斗，以使大陆军的正规部队（和其他民兵）有足够的时间进行集结。实际上快速民兵在独立战争前就存在了：马萨诸塞殖民地早在1645年就有一部分民兵被编制为快速民兵了。</Text>
		</Replace>
		<Replace Tag="LOC_PEDIA_UNITS_PAGE_UNIT_EQUITE_CHAPTER_HISTORY_PARA_1" Language="zh_Hans_CN">
			<Text>骑士（Equites）来自于罗马的上层社会和贵族阶级，他们是高贵的骑兵以及罗马共和国早期的军事力量。能够成为骑士团的一员，意味着一个人有足够的财富养一匹马，置办一套盔甲、一面盾牌和一柄长矛。共和国的每个军团里大约有300名骑士，他们分成10个小队，每队由3名十夫长指挥，并在其中选出一名担任骑兵部队的总指挥。这些人都是来自精英阶层的年轻小伙子，渴望着能够表现出自己的勇气。在战场上展示武勇，可以为他们个人增加政治资本并为其家族赢得声望。至于那些俗务，诸如巡逻和侦查之类的工作，则会指派给意大利盟军的骑兵们去做。在萨莫奈和布匿战争期间，骑士阶级开始向上层的平民开放。尽管没能享受到这一阶级应有的社会地位和政治权力，但他们最终还是取代了贵族在罗马骑兵部队中的位置，并使骑士在新成立的马略军团中成为了领导阶层。</Text>
		</Replace>
		<Replace Tag="LOC_PEDIA_UNITS_PAGE_UNIT_EQUITE_CHAPTER_HISTORY_PARA_2" Language="zh_Hans_CN">
			<Text>从早期开始到整个共和国时期，罗马的骑士阶级一直担任着骑兵部队的角色，并且秉持着一种个人英雄主义和荣誉精神。这一追求不但可以将其有别于下级步兵阶层的特权地位正当化，也可以提高他们所在家族姓氏的名望，以及增加在这个尚武社会里出人头地的机会。对于骑士们来说，这种英雄情怀体现在了对战利品的追求上，如果能在一对一的决斗中杀死敌人，他们会剥下对手的盔甲和武器来作为荣誉的证明。</Text>
		</Replace>
		<Replace Tag="LOC_PEDIA_UNITS_PAGE_UNIT_DRUZHINA_CHAPTER_HISTORY_PARA_1" Language="zh_Hans_CN">
			<Text>亲卫（Druzhina）在斯拉夫语中的含义是“同伴、朋友”。在早期的罗斯，亲卫会帮助大公管理公国并在该地区构建军事力量。第一批亲卫是罗斯汗国的维京人，他们的大公于9世纪获得了对这片土地的控制权。随后，当地的斯拉夫贵族以及各个民族的冒险家们成为了义勇兵（Druzhinniki）。亲卫们依赖于领地主人提供的财政支持，但也拥有选择服务以及转投他人的自由。因此，领主们通常会以支付义勇兵的薪酬或是分享战利品和税收之类的手段向他的亲卫们表达善意，并在最终通过奖励土地产权的方式，赋予亲卫中的高级成员对当地人口进行征税和执法的权力。随着时间的推移，亲卫组织一直以这样或那样的形式存在着，一直持续到了16世纪。</Text>
		</Replace>
		<Replace Tag="LOC_PEDIA_UNITS_PAGE_UNIT_DRUZHINA_CHAPTER_HISTORY_PARA_2" Language="zh_Hans_CN">
			<Text></Text>
		</Replace>
		<Replace Tag="LOC_PEDIA_UNITS_PAGE_UNIT_LONGBOWMAN_CHAPTER_HISTORY_PARA_1" Language="zh_Hans_CN">
			<Text>英格兰长弓手是在12世纪英格兰人征服威尔士的过程中发展起来的兵种。长弓由红豆杉木或者榆木制成，长度在五到七英尺（这取决与弓手的身高和力量）。长弓的使用极端难以掌握，但是训练有素的英格兰长弓手能比当时的弩兵射得更快、更远、更准。然而训练一名合格的长弓手需要很长的时间。随着英格兰的人口越来越多，大片荒野被开垦成农场，狩猎的机会逐渐减少，英格兰自耕农对弓箭的熟练程度也随之下降——这是英格兰长弓手部队衰落的最主要原因，火器的发明反倒是次要原因。</Text>
		</Replace>
		<Replace Tag="LOC_PEDIA_UNITS_PAGE_UNIT_LONGBOWMAN_CHAPTER_HISTORY_PARA_2" Language="zh_Hans_CN">
			<Text></Text>
		</Replace>
		<Replace Tag="LOC_PEDIA_UNITS_PAGE_UNIT_MUGHAL_SOWAR_CHAPTER_HISTORY_PARA_1" Language="zh_Hans_CN">
			<Text>索瓦尔（Sowar）在库尔德和波斯语中的原意为“骑马的人”，最初是莫卧儿帝国时期的一个等级称谓。骑兵部队是莫卧儿军队中的上层分支，通常从具备高级军衔（曼萨卜）的人员中进行招募。他们会获得比步兵和炮兵更好的报酬，但必须自备至少两匹马以及良好的装备。他们的武器包括刀剑、长矛、盾牌、手枪以及少量步枪，盔甲则由钢和皮革打造而成。每一名索瓦尔骑兵在战斗时都会身穿他们自己所属部族的传统服饰。</Text>
		</Replace>
		<Replace Tag="LOC_PEDIA_UNITS_PAGE_UNIT_MUGHAL_SOWAR_CHAPTER_HISTORY_PARA_2" Language="zh_Hans_CN">
			<Text></Text>
		</Replace>
		<Replace Tag="LOC_PEDIA_UNITS_PAGE_UNIT_CUIRASSIER_CHAPTER_HISTORY_PARA_1" Language="zh_Hans_CN">
			<Text>胸甲骑兵是装备了盔甲和火器的骑兵，最早出现于15世纪后期的欧洲。其法语原意为“有胸甲者”，指代他们穿着的胸部盔甲。当那些骑兵——比如“重骑兵”和“准枪骑兵”放下他们的长枪而改用手枪作为主要武器时，第一支胸甲骑兵部队就此孕育而生。到了17世纪后期，胸甲骑兵们抛弃了他们的肢体护甲，开始只装备胸部盔甲（前胸甲和背甲），有时再加上一顶头盔。在这一时期，胸甲骑兵们以刀剑作为主要武器，手枪变成了次要的攻击手段。</Text>
		</Replace>
		<Replace Tag="LOC_PEDIA_UNITS_PAGE_UNIT_PELTAST_CHAPTER_HISTORY_PARA_1" Language="zh_Hans_CN">
			<Text>轻盾兵（Peltast）是色雷斯和帕俄尼亚地区的一种轻装步兵，通常被当作散兵使用。轻盾兵携带一面被称为“轻盾”（Pelte）的新月型柳条盾牌，这是他们最主要的防护手段，也是其名称的由来。根据亚里士多德的记录，轻盾没有外框，其上覆盖着山羊或绵羊的毛皮。一些文献则显示，轻盾的形状有可能是圆形，不过在文艺作品中通常会被演绎为新月型。这种盾牌在斯基泰人的艺术作品中也有出现，同时可能也是中欧地区常见的盾牌类型之一。轻盾的中央通常会附加一条握带，以及一个延伸至边缘或仅位于中心部分的手柄。其上或许还有一条背带（或肩带），因为色雷斯的轻盾兵在逃避敌人的追击时会把他们的盾牌背在身后。轻盾兵以数支标枪（Akontia）为武器，通常还会用到“掷枪皮圈”（Amentum），以便在投掷时迸发出更强的力道。</Text>
		</Replace>
		<Replace Tag="LOC_PEDIA_UNITS_PAGE_UNIT_PELTAST_CHAPTER_HISTORY_PARA_2" Language="zh_Hans_CN">
			<Text></Text>
		</Replace>
		<Replace Tag="LOC_PEDIA_UNITS_PAGE_UNIT_RIFLEMAN_CHAPTER_HISTORY_PARA_1" Language="zh_Hans_CN">
			<Text>来复枪是用于抵肩射击的单兵火器。来复枪的枪管内部刻有膛线（即“来复线”），使得子弹发射后高速旋转，与没有膛线的老式火器相比其射程更远，精度更高。欧洲人制造线膛枪的最早尝试是在15世纪，然而生产技术的复杂度使其直到19世纪才得以普及。英国和美国的突击步兵和侦察兵在拿破仑战争和1812年战争期间都使用了线膛火枪，但这种武器装填速度太慢，在之后的许多年中仍无法在正规军中广泛装备。</Text>
		</Replace>
		<Replace Tag="LOC_PEDIA_UNITS_PAGE_UNIT_RIFLEMAN_CHAPTER_HISTORY_PARA_2" Language="zh_Hans_CN">
			<Text>米尼式子弹的发明极大地提升了弹药装填速度，到了美国南北战争时期，前膛装弹的线膛火枪已经被欧洲列强的军队所普遍使用。在南北战争结束时，线膛火枪又被后膛装弹的来复枪所取代，来复枪的射击频率可达每秒一发（只要射手能够及时拉起枪栓然后扣动扳机），与其相比用前膛装弹方式即使是训练有素的射手也只能达到约20至30秒一发。</Text>
		</Replace>
		<Replace Tag="LOC_PEDIA_UNITS_PAGE_UNIT_CAMEL_ARCHER_CHAPTER_HISTORY_PARA_1" Language="zh_Hans_CN">
			<Text>有些穆斯林的骑手是骑着骆驼打仗的。骆驼常常能惊吓欧洲长大的马匹，因为它们从来没有见过这样的怪物。意料之中的是，骆驼比马匹更能适应沙漠的地形。总的来说，骆驼骑射手用的是边打边跑的战术，在这点上更像蒙古骑射手，而不是骑士或者别的骑兵种类。如果骑士们没有轻骑兵或者弓箭手掩护的话，训练有素的骆驼骑射手会让他们非常头疼。</Text>
		</Replace>
		<Replace Tag="LOC_PEDIA_UNITS_PAGE_UNIT_CAMEL_ARCHER_CHAPTER_HISTORY_PARA_2" Language="zh_Hans_CN">
			<Text></Text>
		</Replace>
		<Replace Tag="LOC_PEDIA_UNITS_PAGE_UNIT_CAMEL_ARCHER_CHAPTER_HISTORY_PARA_3" Language="zh_Hans_CN">
			<Text></Text>
		</Replace>
		<Replace Tag="LOC_PEDIA_UNITS_PAGE_UNIT_LANDSKNECHT_CHAPTER_HISTORY_PARA_1" Language="zh_Hans_CN">
			<Text>自由佣兵（Landsknecht）是16世纪来自日耳曼地区的雇佣长枪兵。他们是按照名噪一时的瑞士雇佣长枪兵的模式组建的，但他们最终却取代瑞士人成为了当时欧洲最好的雇佣步兵。几乎所有的大型战争中都能看到他们的身影——他们也不在乎自己是为谁提供服务。在战斗中，自由佣兵通常手持长达20英尺的长枪。有些还使用双手大剑或长戟——用来砍掉对手的枪头。</Text>
		</Replace>
		<Replace Tag="LOC_PEDIA_UNITS_PAGE_UNIT_PHALANX_CHAPTER_HISTORY_PARA_1" Language="zh_Hans_CN">
			<Text>苏美尔人是最早运用步兵方阵的文明之一。根据“秃鹫石碑”上的记载，在早王朝时期（约公元前3000年至2350年）苏美尔人就已经发展出了成熟的密集方阵战术。处于方阵阵列中的士兵携带着巨大的盾牌和长矛，能够在敌军的攻势之中为彼此提供有效的保护。同时也可以保持整体队列的步调一致，将交火线推向敌阵一侧。</Text>
		</Replace>
		<Replace Tag="LOC_PEDIA_UNITS_PAGE_UNIT_CHOKONU_CHAPTER_HISTORY_PARA_1" Language="zh_Hans_CN">
			<Text>诸葛弩是公元2世纪末期中国人发明的一种非常精巧的连发弩。诸葛弩的外形和欧洲的弩相似，但在弓弦的上方装有一个木盒。木盒中装有多支箭矢。在作战中，弩兵使用拉杆上弦，随后将拉杆推回原位，这时将有一支箭从木盒落入箭槽等待发射。这样的设计使得诸葛弩具有比普通欧洲弩更高的射速。不过，诸葛弩发射的箭矢较轻，射程也较短。因此两者各有优势——欧洲弩适合在开阔地形对付身披重甲的敌军，而诸葛弩则更适合在近距离打击大批轻装的进攻者。</Text>
		</Replace>
		<Replace Tag="LOC_PEDIA_UNITS_PAGE_UNIT_SOHEI_CHAPTER_HISTORY_PARA_1" Language="zh_Hans_CN">
			<Text>僧兵（字面意思为“僧侣战士”）是日本中世纪和封建时期出现的佛教僧侣战斗集团。在10到17世纪之间，随着天台宗等密教流派的兴起，僧兵的作用越发地突显出来。这些战士负责保护寺院的土地以及威慑对立的宗派，他们的行为所引发的社会不安是影响了镰仓时代佛教传播以及不同流派发展方向的重要因素之一。僧兵与欧洲的世俗修士有很多相似之处，一个集团的成员很可能没有被授予过圣职，就像德国的战斗修士“条顿骑士团”那样。僧兵不会代表个人或小团体甚至是某个单独的寺院，而是作为一个大型的延伸宗派或修行组织的战士团队中的一员。对于宗家寺院来说，如果不是有几十甚至上百个小型寺庙、训练场或分家庙宇的支持，它的僧兵团往往可能只有寥寥数人。</Text>
		</Replace>
		<Replace Tag="LOC_PEDIA_UNITS_PAGE_UNIT_AMAZON_CHAPTER_HISTORY_PARA_1" Language="zh_Hans_CN">
			<Text>亚马逊（Amazones）是战场上的斯基泰女性，同时也指代古希腊神话中一个由女性战士构成的民族。希腊“历史学家”希罗多德认为这一民族与斯基泰人息息相关，并将其活动区域定位在了萨尔马地区（今乌克兰）。另一些历史学家则认为她们曾经生活在小亚细亚或利比亚地区。亚马逊人与罗马帝国时期以及晚期的诸多历史人物都产生过关联。根据传说，她们建立了许多城镇和庙宇，并且创立了自己的骑兵部队。到了现代早些时候，这一名称已经变成了指代女性战士的专属名词。</Text>
		</Replace>
		<Replace Tag="LOC_PEDIA_UNITS_PAGE_UNIT_AMAZON_CHAPTER_HISTORY_PARA_2" Language="zh_Hans_CN">
			<Text></Text>
		</Replace>
		<Replace Tag="LOC_PEDIA_UNITS_PAGE_UNIT_AMAZON_CHAPTER_HISTORY_PARA_3" Language="zh_Hans_CN">
			<Text></Text>
		</Replace>
		<Replace Tag="LOC_PEDIA_UNITS_PAGE_UNIT_FATHERLAND_VOLUNTEER_CHAPTER_HISTORY_PARA_1" Language="zh_Hans_CN">
			<Text>1864年12月，巴拉圭的独裁者弗朗西斯科·索拉诺·洛佩斯下令捕获了“欧琳达侯爵号”民用轮船以及船上的乘客和船员。之后在没有宣战的情况下入侵了巴西的马托格罗索省（今南马托格罗索州）。四个月后，巴拉圭的部队侵入了阿根廷的领土，并以此作为进攻巴西南里奥格兰德州的前奏。1865年6月30日，南里奥格兰德州遭到入侵的消息在巴西首都被公开。在意识到该省陷入无政府状态以及软弱无力的军事官员无法抵抗巴拉圭的军队后，佩德罗二世决定亲自前往前线。他在给巴拉尔伯爵夫人的信中写道：“南里奥格兰德遭到了侵略，那里是我要去的地方。”作为国家元首，佩德罗二世打算担任巴西军队的总指挥。但皇帝的这一愿望却遭到了内阁和代表大会双方的共同否决，当国务委员会也提出了同样的反对意见时，佩德罗二世发表了令人难忘的宣言：“他们也许可以阻止身为皇帝的我，但阻止不了退位后作为一名义勇兵的我。”因此，那些响应1865年1月7日签署的第3371号法令报名参军的巴西人在这个国家也被称为“卫国义勇兵”。</Text>
		</Replace>
		<Replace Tag="LOC_PEDIA_UNITS_PAGE_UNIT_HYKSOS_BOWMAN_CHAPTER_HISTORY_PARA_1" Language="zh_Hans_CN">
			<Text>希克索斯（原意为“异国的统治者”）是埃及人对起源混杂的西亚人的称呼，他们于公元前1650年在尼罗河三角洲的东部定居。希克索斯人为埃及带来了几项技术革新以及文化输入（比如新的乐器和外来词汇）。这些改变包括新的青铜和陶器工艺，新品种的动物和新的农作物。在军事方面，他们引入了马和马拉战车、复合弓、改良的战斧以及先进的筑城技术。因为这些文明上的进步，希克索斯人的统治为埃及之后在近东地区建立的王朝带来了深远的影响。</Text>
		</Replace>
		<Replace Tag="LOC_PEDIA_UNITS_PAGE_UNIT_HYKSOS_BOWMAN_CHAPTER_HISTORY_PARA_2" Language="zh_Hans_CN">
			<Text></Text>
		</Replace>
		<Replace Tag="LOC_PEDIA_UNITS_PAGE_UNIT_GENDARME_CHAPTER_HISTORY_PARA_1" Language="zh_Hans_CN">
			<Text>宪兵由出身高贵的重骑兵组成，在法国军队中的服役时间贯穿了中世纪晚期到近代早期的欧洲历史。15世纪末至16世纪中叶是宪兵的鼎盛时期，他们为当时的法国国王提供了一支强而有力的正规装甲力量。只要运用得当，这些长枪铁骑可以成为整个战场的主宰者。</Text>
		</Replace>
		<Replace Tag="LOC_PEDIA_UNITS_PAGE_UNIT_BANDEIRANTE_CHAPTER_HISTORY_PARA_1" Language="zh_Hans_CN">
			<Text>Bandeirantes（携带旗帜的人）是对17世纪来到巴西的葡萄牙移民和财宝猎人的称呼。这个团体大多来自于圣保罗地区（1709年以前被称为圣维森特总督辖区，之后则叫做圣保罗总督辖区）。他们带领着名为Bandeiras（葡语意为“旗帜”）的探险队，穿过了1494年划定的教皇子午线（一条在卡斯蒂利亚划定的将美洲大陆西侧归属西班牙、东侧归属葡萄牙的分界线），深入了巴西内陆遥远的南部和西部。</Text>
		</Replace>
		<Replace Tag="LOC_PEDIA_UNITS_PAGE_UNIT_BANDEIRANTE_CHAPTER_HISTORY_PARA_2" Language="zh_Hans_CN">
			<Text>圣保罗定居点是先锋旗手最著名的基地。大多数旗手都是在圣保罗定居的第一或第二代葡萄牙人的后裔，但其中也有不少人是印欧混血背景（欧洲和美洲原住民的混血）。虽然最初的目的是抓捕并强迫美洲土著充当奴隶，但很快，旗手们将主要精力放在了远征中发现的黄金、白银和钻石矿之上。他们为了财富和冒险不断探索未知领域的大胆行动，从实质上扩展了巴西的领土疆界。</Text>
		</Replace>
		<Replace Tag="LOC_PEDIA_UNITS_PAGE_UNIT_BANDEIRANTE_CHAPTER_HISTORY_PARA_3" Language="zh_Hans_CN">
			<Text></Text>
		</Replace>
		<Replace Tag="LOC_PEDIA_UNITS_PAGE_UNIT_TERCIO_CHAPTER_HISTORY_PARA_1" Language="zh_Hans_CN">
			<Text>大方阵（西班牙语意为“第三”）是近代早期在哈布斯堡王朝称雄欧洲期间于西班牙诞生的一种步兵组合。大方阵是一个整合了多达3000名士兵的行政单位。其内部分为10个部分，并以此为基础再细分为12个连队，由长枪手、剑士与火绳枪兵或重火枪兵组合而成。这些连队在战场上部署时会进一步细分为由30名士兵组成的战斗单元。这些小型战斗单元可以单独部署或者汇集一处组成所谓的“西班牙方阵”。这种强大的步兵方阵也被欧洲其它军事力量，特别是神圣罗马帝国的帝国军队广泛使用。</Text>
		</Replace>
		<Replace Tag="LOC_PEDIA_UNITS_PAGE_UNIT_TERCIO_CHAPTER_HISTORY_PARA_2" Language="zh_Hans_CN">
			<Text>良好的保障使得方阵队伍能够拥有更多的“老兵”（精锐）以及专业化的训练，再加上培养他们将下级贵族的绅士荣誉刻印于身的独特个性，大方阵在长达一个半世纪里成为了欧洲最好的步兵兵种。此外，大方阵也是长柄武器和火药武器第一次有效的联合作战。其在欧洲战场上的主导地位从16世纪一直持续到了17世纪上半叶，并被历史学家们视为近代武器协同作战发展史上重要的一页。</Text>
		</Replace>
		<Replace Tag="LOC_PEDIA_UNITS_PAGE_UNIT_SEPOY_CHAPTER_HISTORY_PARA_1" Language="zh_Hans_CN">
			<Text>西帕依（Sepoy）是旧时对印度士兵的称呼。这一词语源自波斯语“Sepahi”，在莫卧儿帝国时期的含意为“步兵”。这一称呼后来主要用于指代英属印度军队的本地士兵以及早期英国东印度公司的私人部队。西帕依的成员通常来自于同一个社群、村落甚至是家族，其指挥官一般由村长兼任。与土邦军队不同，西帕依部队拥有稳定的薪酬，甚至在出国作战时可以提前或由家人代为领取。这在训练精良、纪律严明的西帕依部队之间营造出了一股正面风气，并且令士兵们持有一份荣誉感。这些正面影响成为了西帕依步兵在印度和海外战场上立下功勋的关键。</Text>
		</Replace>
		<Replace Tag="LOC_PEDIA_UNITS_PAGE_UNIT_ONAGER_CHAPTER_HISTORY_PARA_1" Language="zh_Hans_CN">
			<Text>抛石机是一种罗马的攻城器械，依靠扭力通过绞绳积蓄的能量进行发射。抛石机的组成部分包括一个放置在地面上的大型支架和一个固定在前端的实木垂直框架，以及一根通过绳索将装有抛射物的吊袋绞紧在框架上的垂直抛杆。发射时将抛杆下压，通过绞盘抵抗住绞绳或其它弹射装置的张力，然后突然松开。抛杆的一端弹起，随着吊袋的摆动，如同投石索那样将其中的物体抛射出去。当绞绳能够再次绞紧时，抛杆会被衬梁或底盘部分接住。由于在发射时酷似正在踢腿的驴子，所以这种投石器械拥有了“野驴”（Onager）这一名称。</Text>
		</Replace>
		<Replace Tag="LOC_PEDIA_UNITS_PAGE_UNIT_ONAGER_CHAPTER_HISTORY_PARA_2" Language="zh_Hans_CN">
			<Text></Text>
		</Replace>
		<Replace Tag="LOC_PEDIA_UNITS_PAGE_UNIT_ONAGER_CHAPTER_HISTORY_PARA_3" Language="zh_Hans_CN">
			<Text></Text>
		</Replace>
		<Replace Tag="LOC_PEDIA_UNITS_PAGE_UNIT_PANZER_CHAPTER_HISTORY_PARA_1" Language="zh_Hans_CN">
			<Text>虎Ⅰ坦克是德国在第二次世界大战期间投入使用的重型坦克，1942年入役，大多被部署在了非洲和欧洲的独立重坦克营之中。虎Ⅰ坦克是战争期间最具代表性和传奇色彩的坦克之一。其最终定名为Panzerkampfwagen VI Ausf. E（简称虎式），是纳粹国防军第一种搭载了8.8厘米KwK 36坦克炮（非高射炮）的重型装甲战车，在1942年8月到1944年8月期间共生产1347辆。“虎”这一昵称由斐迪南·保时捷博士命名，其后的罗马数字Ⅰ则添加于后续的虎Ⅱ坦克投产之后。</Text>
		</Replace>
		<Replace Tag="LOC_PEDIA_UNITS_PAGE_UNIT_PANZER_CHAPTER_HISTORY_PARA_2" Language="zh_Hans_CN">
			<Text>虎式坦克的设计方案在当时堪称出类拔萃，但同时也存在着过犹不及的问题，因其需要使用昂贵的原材料和高度集约化的生产装配方式。虎式坦克的履带部分经常会出现某种故障或破损，其活动范围也受到自身高耗油量的限制。此外，对虎式的运输同样是一个难题，当泥浆、冰块和冻雪等杂物混入行进系统中那些重叠交错的负重轮之间时，常常会造成阻塞，极易引发抛锚——这一问题往往发生在东线战场泥泞的“无路季节”和极度严寒的时期之中。</Text>
		</Replace>
		<Replace Tag="LOC_PEDIA_UNITS_PAGE_UNIT_YAMATO_CHAPTER_HISTORY_PARA_1" Language="zh_Hans_CN">
			<Text>大和级战列舰是日本帝国海军（IJN）在第二次世界大战期间建造并投入使用的战舰。最大航行载荷达到了73000吨，是人类曾经建造过的最重、最强力的武装主力舰。这一舰型搭载了为其量身定做的当时最大口径的九门460毫米（18.1英寸）舰炮，每一门炮都能将1360公斤（3000磅）重的炮弹投射到42公里（26英里）以外。这一舰型最终完成了两艘（“大和”以及“武藏”），而第三艘“信浓”于建造过程中被改造为航母。</Text>
		</Replace>
		<Replace Tag="LOC_PEDIA_UNITS_PAGE_UNIT_YAMATO_CHAPTER_HISTORY_PARA_2" Language="zh_Hans_CN">
			<Text></Text>
		</Replace>
		<Replace Tag="LOC_PEDIA_UNITS_PAGE_UNIT_YAMATO_CHAPTER_HISTORY_PARA_3" Language="zh_Hans_CN">
			<Text></Text>
		</Replace>
		<Replace Tag="LOC_PEDIA_UNITS_PAGE_UNIT_WAR_GALLEY_CHAPTER_HISTORY_PARA_1" Language="zh_Hans_CN">
			<Text>Tessarakonteres（意思为“四十桨”）或者简称为“四十”，是埃及在希腊化时代建造的一艘非常巨大的战船。“四十”这个名称是指为其提供动力的单侧每一纵列桨手的数量。“四十”的船身长度达到了280肘，宽38肘，船尾最高点到吃水线的距离为53肘。内部拥有超过4000名划桨手和400名替补人员，以及位于甲板之上将近3000人的陆战部队。它可能是古代世界建造过的最大的船只，或许也是人类史上最大的人力船只。四十列桨战船据说是在公元前3世纪的埃及由托勒密四世主持建造的。</Text>
		</Replace>
		<Replace Tag="LOC_PEDIA_UNITS_PAGE_UNIT_AMAZON_SCOUT_CHAPTER_HISTORY_PARA_1" Language="zh_Hans_CN">
			<Text>亚马逊（Amazones）是战场上的斯基泰女性，同时也指代古希腊神话中一个由女性战士构成的民族。希腊“历史学家”希罗多德认为这一民族与斯基泰人息息相关，并将其活动区域定位在了萨尔马地区（今乌克兰）。另一些历史学家则认为她们曾经生活在小亚细亚或利比亚地区。亚马逊人崇拜战神和狩猎女神，在战斗中追寻自我。希腊神话中的她们骁勇善战、奔跑如风、弓箭和投枪百发百中。由于需要在辽阔的疆土内辗转生存，亚马逊人天生就是优秀的猎手（针对各种各样的动物以及人类）。到了现代早些时候，这一名称已经变成了指代女性战士的专属名词。</Text>
		</Replace>
		<Replace Tag="LOC_PEDIA_UNITS_PAGE_UNIT_AMAZON_SCOUT_CHAPTER_HISTORY_PARA_2" Language="zh_Hans_CN">
			<Text></Text>
		</Replace>
		<Replace Tag="LOC_PEDIA_UNITS_PAGE_UNIT_VULTURE_CHAPTER_HISTORY_PARA_1" Language="zh_Hans_CN">
			<Text>镰状剑（Khopesh）是一种由战斧演化而成的镰形弯剑。长度通常为50-60厘米（20-24英寸），虽然也有更小的例子存在。其尖端未开刃的一面也可以作为有效的钝击武器以及钩子来使用。有关于镰状剑最早的记载来自于“秃鹫石碑”，其上描绘了拉格什的埃纳纳吐姆王挥舞这种武器的图案。这表明镰状剑的出现时间至少在公元前2500年以前。</Text>
		</Replace>
		<Replace Tag="LOC_PEDIA_UNITS_PAGE_UNIT_VULTURE_CHAPTER_HISTORY_PARA_2" Language="zh_Hans_CN">
			<Text></Text>
		</Replace>
		<Replace Tag="LOC_PEDIA_UNITS_PAGE_UNIT_T34_CHAPTER_HISTORY_PARA_1" Language="zh_Hans_CN">
			<Text>T-34坦克是一种苏联研制的中型坦克，它的出现对坦克设计领域造成了深远的影响。虽然装甲和火力在战争期间被后来者超越，但它仍被普遍认为是第二次世界大战中最实用、最高效以及最具影响力的坦克型号。数据表明，T-34坦克是前所未有的火力、机动性、防御力以及坚固性的集合体。它的76.2毫米（3英寸）高速坦克炮的火力大大超越了同期的所有对手，而同时代的大多数反坦克武器却很难击穿它厚重的倾斜装甲。当1941年第一次与之遭遇时，德国的坦克指挥官冯·克莱斯特称其为“世界上最好的坦克”。而海因茨·古德里安则承认T-34坦克对当时的德国装甲部队拥有“巨大的优势”。</Text>
		</Replace>
		<Replace Tag="LOC_PEDIA_UNITS_PAGE_UNIT_T34_CHAPTER_HISTORY_PARA_2" Language="zh_Hans_CN">
			<Text>在第二次世界大战期间，T-34坦克一直是苏联装甲部队的支柱，它的设计使其能够被不断改进以满足东线战场上多变的需求：随着战争的进行，它变得更加有效，而且可以被更快、更廉价的制造。苏联的工业体系最终生产了超过80000辆包含各种衍生型号的T-34坦克，虽然在与德国纳粹的战斗中损失了数千辆，但其总数仍能保持稳定的增长。T-34取代了红军诸多轻、中型号坦克成为了整个战争期间生产数量最多的坦克，同时也是历史上生产数量第二多的坦克（紧随其继任者T-54/55系列之后）。基于这一型号直接发展出的T-54/55系列以及后续的T-62、T-72和T-90坦克，连同中国以T-55为基础研发的几种型号，直到今天仍然是许多军队中的骨干力量。T-34坦克的衍生型号在第二次世界大战后被大量出口，直到1996年底仍然有至少27个国家尚在使用。</Text>
		</Replace>
		<Replace Tag="LOC_PEDIA_UNITS_PAGE_UNIT_ARMATOLOS_CHAPTER_HISTORY_PARA_1" Language="zh_Hans_CN">
			<Text>治安纠察队（Armatoloi）是希腊在奥斯曼帝国统治时期对基督徒非常规士兵以及民兵的称呼，他们被奥斯曼帝国委派在每一个行政“治安辖区”内厉行苏丹的统治权力。“治安辖区”（Armatoliki）指的是设立于希腊境内的“匪患”（反抗军）高发地带或是奥斯曼当局因地形闭塞而难以治理的地区——比如在色萨利的阿格拉法山区，那里的第一个治安辖区于15世纪创立。随着时间的推移，纠察队（Armatoloi）和反抗军（Klephtes）的形象变得模糊起来。两者会根据形势的需要转变自身的角色和效忠对象，并且都与奥斯曼当局维持着微妙的平稳状态。在希腊独立战争期间，纠察队与反抗军一起组成了希腊武装力量的核心，并且在这一时期发挥了至关重要的作用。希腊军事家、传记作家扬尼斯·马克里扬尼斯将纠察队和反抗军们称之为“自由的酵母”。</Text>
		</Replace>
		<Replace Tag="LOC_PEDIA_UNITS_PAGE_UNIT_ARMATOLOS_CHAPTER_HISTORY_PARA_2" Language="zh_Hans_CN">
			<Text></Text>
		</Replace>
		<Replace Tag="LOC_PEDIA_UNITS_PAGE_UNIT_GHAZI_CHAPTER_HISTORY_PARA_1" Language="zh_Hans_CN">
			<Text>加齐（Ghazi）作为一个阿拉伯术语原本指代的是参与远征（军事入侵或掠夺）的人。当伊斯兰教兴起之后，这一词汇被赋予了宗教战争方面的新含义。在前伊斯兰时期的贝都因人文化中，“远征”（Ghazw）是一种近乎于抢劫的有限战争方式——尽量避免正面对抗而强调突袭和掠夺（通常是针对牲畜）。历史学家威廉·蒙哥马利·瓦特认为，先知穆罕默德发现将这种连续性的内部战争施加到他的敌人身上时会收到良好的效果，并以此为基础制定了他的战争方略，比如著名的白尔德之战正是始于这样的一次袭击行动。在伊斯兰战争的背景之下，远征的目地则是为了削弱敌人的防御并为最终的镇压和征服行动搭桥铺路。虽然伊斯兰教的战争规则会为非战斗人员（如妇女、僧侣和农民）提供保护，但他们的财产和人身自由仍然可能会在这样的行动中遭到践踏。再之后，奥斯曼人接受了这一概念并将之运用在了他们领袖的称谓上，“加齐”成为了奥斯曼苏丹的官方头衔之一。</Text>
		</Replace>
		<Replace Tag="LOC_PEDIA_UNITS_PAGE_UNIT_GHAZI_CHAPTER_HISTORY_PARA_2" Language="zh_Hans_CN">
			<Text></Text>
		</Replace>
		<Replace Tag="LOC_PEDIA_UNITS_PAGE_UNIT_GHAZI_CHAPTER_HISTORY_PARA_3" Language="zh_Hans_CN">
			<Text></Text>
		</Replace>
		<Replace Tag="LOC_PEDIA_UNITS_PAGE_UNIT_FRENCH_MARINE_CHAPTER_HISTORY_PARA_1" Language="zh_Hans_CN">
			<Text>海军陆战部队（Troupes de la Marine）是由红衣主教黎塞留于1622年创立的军事组织，其原本的使命是在法国舰队中担任国王的卫戍部队。1674年，法国海军大臣让-巴普蒂斯特·柯尔贝尔决定组建殖民地常驻军队并正式赋予其“法国海军陆战队”这一名称。法国海军陆战队是独立的海军和殖民地军队，受海军军部直接指挥，承担着法国海军、海外贸易以及法国殖民地的相关任务。在1685年到1755年期间的新法兰西殖民地，当数个陆战队分队被派遣至北美后，他们成为了此时此地唯一的一支正规军队。海军军部开始利用他们保护当地的毛皮贸易和定居者免受易洛魁人的袭击，在加拿大地区的一系列军事行动使得这支部队闻名于世。到了1756年，他们被抵达蒙卡尔姆的大部队所取代，而当1760年蒙特利尔陷落之后，这支部队的身影也从加拿大地区彻底消失了。</Text>
		</Replace>
		<Replace Tag="LOC_PEDIA_UNITS_PAGE_UNIT_FRENCH_MARINE_CHAPTER_HISTORY_PARA_2" Language="zh_Hans_CN">
			<Text></Text>
		</Replace>
		<Replace Tag="LOC_PEDIA_UNITS_PAGE_UNIT_MEDICINE_MAN_CHAPTER_HISTORY_PARA_1" Language="zh_Hans_CN">
			<Text>非洲传统医学是一种涵盖了土著草药学和非洲神秘学的替代性医学，涉及其中的通常有预言者、助产士和草药医生。诊断通过精神手段和一些规定的治疗手法达成，在这一过程中通常会加入某种草药作为补充（其被认为不仅具有治愈功能，同时也具有象征性和精神领域的意义）。非洲传统医学认为，疾病不是偶然发生而是精神或者社会性失调的体现。这与建立在科学和分析方法之上的现代医学有着本质上的不同。在现代医学的科学基础确立之前，传统医学体系是非洲数百万人口的主要医疗方式，但随着欧洲人的到来，这一古老的传统和文化迎来了一个显而易见的历史转折点。</Text>
		</Replace>
		<Replace Tag="LOC_PEDIA_UNITS_PAGE_UNIT_MEDICINE_MAN_CHAPTER_HISTORY_PARA_2" Language="zh_Hans_CN">
			<Text></Text>
		</Replace>
		<Replace Tag="LOC_PEDIA_UNITS_PAGE_UNIT_SHIGONG_CHAPTER_HISTORY_PARA_1" Language="zh_Hans_CN">
			<Text>“大师”是用来形容和称呼一些德高望重或造诣高深的武术家的头衔。通常这是一个表达尊敬的称谓，它意味着所指之人已经超越了等级的桎梏而在其所属的学塾、体系或是流派之中拥有了别于常人的尊崇地位。传统的中国武术学校（道馆）是一个由师父领导着的大家庭式的团体，而师父的师父则被称为“师尊”或“师公”。</Text>
		</Replace>
		<Replace Tag="LOC_PEDIA_UNITS_PAGE_UNIT_EXPLORER_CHAPTER_HISTORY_PARA_1" Language="zh_Hans_CN">
			<Text>地理大发现、探索时代、大航海时代，这些名词指的是15世纪末至18世纪初的一段非正式定义且范围模糊的欧洲历史时期。这一时期标志性的大规模海外探索行动成为了组成欧洲文化以及促使全球化开端的关键性因素，同时也导致了殖民主义在欧洲各国的广泛使用和重商主义的兴起。在一时间段之中，许多欧洲人前所未闻的土地被相继发现——虽然其中大部分早已有人居住。从很多欧洲以外的民族视角来看，地理大发现时期往往意味着从未知之地远道而来的移民——以及侵略者。</Text>
		</Replace>
		<Replace Tag="LOC_PEDIA_UNITS_PAGE_UNIT_EXPLORER_CHAPTER_HISTORY_PARA_2" Language="zh_Hans_CN">
			<Text>探险家是为了探测新事物等目的而深入危险或未知领域进行探索之人，通常也是一个国家或文明最先到达某处之人。全球探索的开端始于葡萄牙探险家发现位于大西洋上的马德拉和亚速尔群岛，探索非洲海岸线并于1498年发现通往印度的海上路线，还有在1492年到1502年期间由卡斯蒂利亚王国（西班牙）资助的克里斯托弗·哥伦布横跨大西洋的航行，以及1519年至1522年间的第一次环球航行。这一系列的发现掀起了规模庞大的跨越大西洋、印度洋和太平洋的海洋探索热潮，而在美洲、亚洲、非洲和澳洲的陆地勘探行动则一直持续到了19世纪。最终到了20世纪初，极地探索的结束为这一属于探险家的篇章画上了句号。</Text>
		</Replace>
		<Replace Tag="LOC_PEDIA_UNITS_PAGE_UNIT_SNIPER_CHAPTER_HISTORY_PARA_1" Language="zh_Hans_CN">
			<Text>狙击”作为一个动词，最早是于18世纪70年代被英属印度士兵在狩猎鹬鸟时所使用——这种鸟类对于猎手来讲是一个极具挑战性的目标。而作为名词的“狙击手”一词则出现于1824年，其含义为“神枪手”。在战场上，狙击手小队往往孤军作战，极少获得上级单位提供的物资支援。他们的任务是使用针对性的高精度步枪射击那些因距离、尺寸、地点、临时性质或能见度等原因无法用常规步枪解决的任务目标。除了枪法和长距离射击技术之外，狙击手也会接受侦察、跟踪、距离估算、伪装、野外生存、渗透、特种观测、监视和目标获取等多种科目的训练。狙击手对这些技能深入学习，反复磨练直至融会贯通，从而保证以最低的风险在最大程度上达成任务目标。</Text>
		</Replace>
		<Replace Tag="LOC_PEDIA_UNITS_PAGE_UNIT_MACEMAN_CHAPTER_HISTORY_PARA_1" Language="zh_Hans_CN">
			<Text>长剑是中世纪和启蒙时代用途最广泛的武器。它比长枪更轻也更易携带，而且允许单手或者双手使用，这样剑士就可以再带上一面盾牌。在与长枪兵正面作战时，长剑士往往会很吃亏，因为在进入攻击距离之前就已经被对方更长的武器大量杀伤。但是，长剑士比起长枪兵速度更快，机动性也更强。一旦他们从侧面对长枪兵实行了包抄，后者就只能任其宰割了。</Text>
		</Replace>
		<Replace Tag="LOC_PEDIA_UNITS_PAGE_UNIT_GARDE_REPUBLICAINE_CHAPTER_HISTORY_PARA_1" Language="zh_Hans_CN">
			<Text>刚果共和国卫队是刚果民主共和国的一支军事组织，是该国武装力量的一个组成部分。1960年，刚果脱离比利时宣布独立并于同年选举出共和国的首任总统，这支部队也于其后成立。共和国卫队的主要职责是保卫合法选举产生的总统及政府内阁，同时也担任着政要和高战略价值目标的卫戍工作。</Text>
		</Replace>
		<Replace Tag="LOC_PEDIA_UNITS_PAGE_UNIT_GARDE_REPUBLICAINE_CHAPTER_HISTORY_PARA_2" Language="zh_Hans_CN">
			<Text>尽管与其身份相悖，这支卫队仍然被一次次卷进了新生共和国政治精英们之间的内部纷争里。此外，他们还不得不参与到同总统政敌军队的血腥内战之中。在独立后的几十年，这个年轻的共和国挺过了三次政权更替，卢旺达大屠杀，两次难民潮（图西族人和胡图族人），几十次叛乱以及两次“刚果战争”。尽管困难重重，时局不稳，新上台领导人的后续政治路线也充满了不确定性。但共和国卫队仍然宣誓以维护国家政权的利益为己任。在不同时期，卫队的武装人员规模从8000到20000人不等，此外还有被分为18个旅的3500名士兵。现如今，共和国卫队拥有10000-15000名士兵，由3个旅组成，位于金沙萨（首都）的第10旅以及位于卢本巴希（第二大城市）的第15和16旅。</Text>
		</Replace>
		<Replace Tag="LOC_PEDIA_UNITS_PAGE_UNIT_MEDIEVAL_HORSEMAN_CHAPTER_HISTORY_PARA_1" Language="zh_Hans_CN">
			<Text>历史学家对马蹄铁的起源说法不一。因为铁是一种贵重的物资，用其制作的物品在损坏后通常会被重铸或回收再利用，这就使得明确的考古证据很难被获得。起源自德鲁伊的观点尽管有一定可信度，但也没有确凿的证据为其提供支撑。1897年，在公元前400年的伊特拉斯坎文明墓穴中还出土过四枚具有明显钉孔的青铜马蹄铁。另一些历史学家则以公元前54年逝世的罗马诗人卡图卢斯的注释为凭，主张罗马人在公元前100年的某个时间点发明了所谓的“骡靴”。然而，这些引证中所提到的罗马时期的蹄鞋和蹄靴，可能只是“马凉鞋”（Hipposandal）——一种经过铁板加固的皮革马靴，而非使用蹄钉固定在马掌上的蹄铁。</Text>
		</Replace>
		<Replace Tag="LOC_PEDIA_UNITS_PAGE_UNIT_MEDIEVAL_HORSEMAN_CHAPTER_HISTORY_PARA_2" Language="zh_Hans_CN">
			<Text>现存文献中出现钉掌马蹄铁记录的时间相对较晚，已知最早为公元900年左右，但在泥土层中的一些发现可能会将此时间进一步推前。在拜占庭皇帝利奥六世统治时期（866-912）之前记录中没有任何现存的涉及钉掌马蹄铁的确证，只发现了973处偶尔提及的引用。而铁制马蹄铁最早的明确书面记载则是在公元910年的一份关于“新月型铁条和蹄钉”的注释。很少有证据能证明在公元500或600年之前存在过需要钉掌的马用鞋，不过在比利时图尔奈的法兰克国王希尔德里克一世墓穴中，也曾发现过一块公元5世纪的蹄铁及其配套的蹄钉。</Text>
		</Replace>
		<Replace Tag="LOC_PEDIA_UNITS_PAGE_UNIT_MEDIEVAL_HORSEMAN_CHAPTER_HISTORY_PARA_3" Language="zh_Hans_CN">
			<Text>到了公元1000年左右，打造附带钉孔的青铜马蹄铁在欧洲已经变得相当普遍。其造型通常被设计为带有波状轮廓的边缘和六个蹄钉钉孔。13和14世纪的历史促成了铁制马蹄铁制造业的普及。十字军战争期间（1096–1270），马蹄铁一词开始广泛而频繁的出现在各式各样的文字来源之中。在这一时期，由于铁本身的价值，马蹄铁甚至可以用来代替硬币缴纳税款。从13世纪开始，蹄铁被大量锻造以致于能直接买到现成制品。“趁热钉掌”（一种在为马钉掌前，趁蹄铁尚未冷却对其进行快速加工和修整的工艺）在16世纪已经变得十分常见。由于对马蹄铁的需求，锻造工艺成为了“中世纪和近代最为重要的工艺之一，冶金技术也于同时得到了发展。”</Text>
		</Replace>
		<Replace Tag="LOC_PEDIA_UNITS_PAGE_UNIT_AMERICAN_AH64_APACHE_CHAPTER_HISTORY_PARA_1" Language="zh_Hans_CN">
			<Text>美国波音公司AH-64“阿帕奇”直升机是一款双涡轮轴引擎、四桨叶旋翼武装直升机，采用后三点轮式起落架和双人纵列式座舱构型。机鼻部分设有目标识瞄系统与夜视系统的集成套件。机首正下方的主起落架之间装有一门30毫米（1.18英寸）M230链炮。两侧的短翼部分共有4处悬挂点，通常会挂载AGM-114地狱火反坦克导弹和九头蛇-70火箭发射器的混装组合。阿帕奇备有大量的冗余系统，可以提升其在战场上的生存能力。</Text>
		</Replace>
		<Replace Tag="LOC_PEDIA_UNITS_PAGE_UNIT_AMERICAN_AH64_APACHE_CHAPTER_HISTORY_PARA_2" Language="zh_Hans_CN">
			<Text>阿帕奇诞生自美国陆军为取代AH-1“眼镜蛇”直升机而开展的“先进武装直升机”（AAH）计划，由休斯公司投标的77号概念机发展而来。其原型机YAH-64于1975年9月30日首飞。在与贝尔公司投标的YAH-63方案的竞争中最终于1976年被美国军方选中，并于1982年正式批准投产。1984年休斯公司与麦道公司合并，AH-64的生产和开发工作由后者继续进行。这款直升机于1986年4月正式入役美军。</Text>
		</Replace>
		<Replace Tag="LOC_PEDIA_UNITS_PAGE_UNIT_ENGLISH_IRONSIDE_CHAPTER_HISTORY_PARA_1" Language="zh_Hans_CN">
			<Text>铁骑军（Ironside）是17世纪英国政治领袖奥利弗·克伦威尔于英国内战期间组建的国会骑兵部队，其名称来自于克伦威尔的绰号“老铁骑”。这支部队并非如其名所示那般身披重甲。实际上，克伦威尔为他的骑兵采用了当时最常见的火绳枪骑兵装备，盔甲部分仅限前胸甲和背甲以及一顶壶形的头盔。“铁骑”一词更多是指其战斗精神，他们坚定顽强、纪律严明，整齐划一的着装和行事风格与当时的游侠骑士形成了鲜明对比。作为一支清教徒军队，铁骑军通常会将战斗荣耀归于上帝。他们将自己的宗教信仰扩展为生活中需要严守的道德准则，在驻地从不饮酒和赌博，在战场上也不会参与传统的战争劫掠（虽然对宗教的热忱有时会让他们在面对天主教敌人时显得冷酷无情）。</Text>
		</Replace>
		<Replace Tag="LOC_PEDIA_UNITS_PAGE_UNIT_NORWEGIAN_ULFHEDNAR_CHAPTER_HISTORY_PARA_1" Language="zh_Hans_CN">
			<Text>“沃芬达尔”（Ulfhednar）是一群起源自古诺尔斯宗教仪式的维京战士（这一仪式最有可能涉及的神明是奥丁——最受维京人崇拜的主神，拥有两只宠物巨狼，注定要在诸神的黄昏一战中被魔狼芬里尔吞噬）。沃芬达尔身披狼皮，他们自己的皮肤已经漆黑若死。这些嚎叫的狂人行止似狼、暴虐成性，他们的事迹启发和影响了后世欧洲民俗传说之中的狼人形象。作为狂暴武士的分支，沃芬达尔在战前同样会举行颂祷和祝仪，并使自己进入“狂怒”的状态。与那些披着熊皮的同行不同，沃芬达尔在战斗中从不使用盾牌。虽然最终他们并入了“狂战士”的名下，但仍就执着于自己独特的行事风格（比如狼皮和武器）。</Text>
		</Replace>
		<Replace Tag="LOC_PEDIA_UNITS_PAGE_UNIT_MODERN_SNIPER_CHAPTER_HISTORY_PARA_1" Language="zh_Hans_CN">
			<Text>“狙击”作为一个动词，最早是于18世纪70年代被英属印度士兵在狩猎鹬鸟时所使用——这种鸟类对于猎手来讲是一个极具挑战性的目标。而作为名词的“狙击手”一词则出现于1824年，其含义为“神枪手”。到了现代，狙击手指的是那些保持对目标近距离目视，并从隐蔽位置或敌方侦测范围之外对其进行射击的枪手或相关职业人士。他们可以单独行动、多人编组或加入一支小队共同执行任务。培养一名狙击手往往需要经过严格的筛选和专业化的训练，他们使用由专人进行维护的高精度特制步枪和光学仪器，通常还携带着精密的通信设备，以便将有价值的战场情报传回其所在部队或军事基地。</Text>
		</Replace>
		<Replace Tag="LOC_PEDIA_UNITS_PAGE_UNIT_RECON_CHAPTER_HISTORY_PARA_1" Language="zh_Hans_CN">
			<Text>在军事行动中，侦察一词指在友方势力占据的地区之外进行探索，以获得自然、地形和敌人情报的行为。与间谍不同，侦察行动通常由军队中的战斗人员担任。在未建立现代意义上特种部队之前，侦察兵在一定程度上也肩负着特种作战的使命。武装侦察（RIF）是一种探知敌方部署的军事行动和策略。指挥官投入相当规模（但并非决定性）的兵力展开攻势，以期引发敌方的强烈反应，从而暴露其军事实力、位置和其它战术信息。发起武装侦察的指挥官可以在获得情报之后选择撤退或是就此扩大战争规模展开决战。也有一些武装侦察使用快速移动的“打带跑”战术，必要时还会投入轻型装甲车辆以增加己方火力优势。</Text>
		</Replace>
		<Replace Tag="LOC_PEDIA_UNITS_PAGE_UNIT_GATLING_GUN_CHAPTER_HISTORY_PARA_1" Language="zh_Hans_CN">
			<Text>加特林机枪是一种闻名遐迩的早期机簧填弹手摇式速射武器，也是现代机枪的先驱。发明者为理查·乔丹·加特林。在1860年美国南北战争中首次被联邦军带上战场，随后也在众多的军事冲突中亮相，比如戊辰战争、祖鲁战争，以及美西战争期间发生在圣胡安山脉的突袭行动。此外还被美国民兵和国民警卫队投入到了1877年的铁路大罢工事件之中，特别是在宾夕法尼亚州的匹兹堡地区。</Text>
		</Replace>
		<Replace Tag="LOC_PEDIA_UNITS_PAGE_UNIT_GATLING_GUN_CHAPTER_HISTORY_PARA_2" Language="zh_Hans_CN">
			<Text>加特林机枪的的工作原理围绕着轮转的多枪管设计思路，这一设计有助于冷却枪管和同步再装填序列。当单个枪管旋转到圆周的某个特定位置时射出一枚弹药，然后退出用过的弹膛继续进行新一轮次装填，枪管在这个过程中也会稍稍降温。这种构造可以使机枪在枪管不会过热的情况下进行更高频率的射击。</Text>
		</Replace>
		<Replace Tag="LOC_PROMOTION_AMBUSH_DESCRIPTION" Language="zh_Hans_CN">
			<Text>防御时 +20 [ICON_Strength] 战斗力。</Text>
		</Replace>
	</LocalizedText>
</GameData>