<?xml version="1.0"encoding="utf-8"?>
<GameData>
	<LocalizedText>
		<Replace Tag="LOC_UNIT_CAMEL_ARCHER_NAME" Language="zh_Hans_CN">
			<Text>骆驼骑手</Text>
		</Replace>
		<Replace Tag="LOC_UNIT_CAMEL_ARCHER_DESCRIPTION" Language="zh_Hans_CN">
			<Text>取代轻骑兵的阿拉伯古典时代特色轻骑兵单位，位于沙漠或泛滥平原时+8战斗力[ICON_Strength]。</Text>
		</Replace>
		<Replace Tag="LOC_UNIT_PELTAST_NAME" Language="zh_Hans_CN">
			<Text>轻盾步兵</Text>
		</Replace>
		<Replace Tag="LOC_UNIT_PELTAST_DESCRIPTION" Language="zh_Hans_CN">
			<Text>取代弓箭手的希腊远古时代特色远程攻击单位，拥有更高的近战和远程战斗力[ICON_Strength]，但射程仅为1。</Text>
		</Replace>
		<Replace Tag="LOC_UNIT_MINUTEMAN_NAME" Language="zh_Hans_CN">
			<Text>独立者</Text>
		</Replace>
		<Replace Tag="LOC_UNIT_MINUTEMAN_DESCRIPTION" Language="zh_Hans_CN">
			<Text>取代火枪手的美国工业时代特色近战单位，当毗邻己方领土或位于森林、雨林时+5战斗力[ICON_Strength]。</Text>
		</Replace>
		<Replace Tag="LOC_UNIT_LANDSKNECHT_NAME" Language="zh_Hans_CN">
			<Text>自由佣兵</Text>
		</Replace>
		<Replace Tag="LOC_UNIT_LANDSKNECHT_DESCRIPTION" Language="zh_Hans_CN">
			<Text>取代枪兵的德国中世纪特色抗骑兵单位，仅限金币招募但比平常花费便宜一半。</Text>
		</Replace>
		<Replace Tag="LOC_UNIT_PHALANX_NAME" Language="zh_Hans_CN">
			<Text>铜盾重步兵</Text>
		</Replace>
		<Replace Tag="LOC_UNIT_PHALANX_DESCRIPTION" Language="zh_Hans_CN">
			<Text>取代枪兵的苏美尔远古时代特色抗骑兵单位，研究科技树的“采矿”解锁，当位于金字形神塔附近作战时受到神灵祝福+5战斗力[ICON_Strength]。</Text>
		</Replace>
		<Replace Tag="LOC_UNIT_CHOKONU_NAME" Language="zh_Hans_CN">
			<Text>诸葛连弩手</Text>
		</Replace>
		<Replace Tag="LOC_UNIT_CHOKONU_DESCRIPTION" Language="zh_Hans_CN">
			<Text>取代弩手的中国中世纪时代特色远程攻击单位，战斗力略低于弩手但每回合有两次进攻机会。</Text>
		</Replace>
		<Replace Tag="LOC_UNIT_RIFLEMAN_NAME" Language="zh_Hans_CN">
			<Text>线列步兵</Text>
		</Replace>
		<Replace Tag="LOC_UNIT_RIFLEMAN_DESCRIPTION" Language="zh_Hans_CN">
			<Text>工业时代的近战单位。</Text>
		</Replace>
		<Replace Tag="LOC_UNIT_JINETE_NAME" Language="zh_Hans_CN">
			<Text>卢西塔尼骑手</Text>
		</Replace>
		<Replace Tag="LOC_UNIT_JINETE_DESCRIPTION" Language="zh_Hans_CN">
			<Text>取代轻骑兵的西班牙古典时代特色轻骑兵单位，当位于首都所在大陆时击败敌军单位即获得其自身50%战斗力[ICON_Strength]的信仰[ICON_Faith]。</Text>
		</Replace>
		<Replace Tag="LOC_UNIT_EQUITE_NAME" Language="zh_Hans_CN">
			<Text>军团骑兵</Text>
		</Replace>
		<Replace Tag="LOC_UNIT_EQUITE_DESCRIPTION" Language="zh_Hans_CN">
			<Text>取代轻骑兵的罗马古典时代特色轻骑兵单位，当位于友军勇士或罗马军团附近时+5战斗力[ICON_Strength]且击败敌军即获得其自身33%战斗力[ICON_Strength]的金币[ICON_Gold]。</Text>
		</Replace>
		<Replace Tag="LOC_UNIT_DRUZHINA_NAME" Language="zh_Hans_CN">
			<Text>亲卫队骑手</Text>
		</Replace>
		<Replace Tag="LOC_UNIT_DRUZHINA_DESCRIPTION" Language="zh_Hans_CN">
			<Text>取代轻骑兵的俄罗斯古典时代特色轻骑兵单位，当进攻受伤敌军单位时+5战斗力[ICON_Strength]，进攻近战单位时+4战斗力[ICON_Strength]。</Text>
		</Replace>
		<Replace Tag="LOC_UNIT_HIRDMAN_NAME" Language="zh_Hans_CN">
			<Text>北欧狂热者</Text>
		</Replace>
		<Replace Tag="LOC_UNIT_HIRDMAN_DESCRIPTION" Language="zh_Hans_CN">
			<Text>取代剑客的挪威古典时代特色近战单位，当位于首都所在大陆时+5战斗力[ICON_Strength]，牺牲后即获得其自身50%战斗力[ICON_Strength]的金币[ICON_Gold]。</Text>
		</Replace>
		<Replace Tag="LOC_UNIT_MUGHAL_SOWAR_NAME" Language="zh_Hans_CN">
			<Text>索瓦尔</Text>
		</Replace>
		<Replace Tag="LOC_UNIT_MUGHAL_SOWAR_DESCRIPTION" Language="zh_Hans_CN">
			<Text>取代骑士的印度文艺复兴特色重骑兵单位，当靠近梯井时每回合+15生命值且忽略地形惩罚。</Text>
		</Replace>
		<Replace Tag="LOC_UNIT_LONGBOWMAN_NAME" Language="zh_Hans_CN">
			<Text>皇家长弓手</Text>
		</Replace>
		<Replace Tag="LOC_UNIT_LONGBOWMAN_DESCRIPTION" Language="zh_Hans_CN">
			<Text>取代了弩手的英国中世纪特色远程攻击单位，当进攻骑兵单位时+4战斗力[ICON_Strength]且靠近另一队皇家长弓手时+4战斗力[ICON_Strength]。</Text>
		</Replace>
		<Replace Tag="LOC_UNIT_CUIRASSIER_NAME" Language="zh_Hans_CN">
			<Text>胸甲骑兵</Text>
		</Replace>
		<Replace Tag="LOC_UNIT_CUIRASSIER_DESCRIPTION" Language="zh_Hans_CN">
			<Text>工业时代的近战骑兵单位。</Text>
		</Replace>
		<Replace Tag="LOC_UNIT_SOHEI_NAME" Language="zh_Hans_CN">
			<Text>雉刀僧兵</Text>
		</Replace>
		<Replace Tag="LOC_UNIT_SOHEI_DESCRIPTION" Language="zh_Hans_CN">
			<Text>日本中世纪时代特色近战单位，可使用信仰[ICON_Faith]购买，当防御进攻时+10战斗力[ICON_Strength]。</Text>
		</Replace>
		<Replace Tag="LOC_UNIT_AMAZON_NAME" Language="zh_Hans_CN">
			<Text>亚马逊猎骑手</Text>
		</Replace>
		<Replace Tag="LOC_UNIT_AMAZON_DESCRIPTION" Language="zh_Hans_CN">
			<Text>取代骑士的斯基泰中世纪特色重骑兵单位，移动力+1且每回合有两次进攻机会。</Text>
		</Replace>
		<Replace Tag="LOC_UNIT_FATHERLAND_VOLUNTEER_NAME" Language="zh_Hans_CN">
			<Text>卫国义勇兵</Text>
		</Replace>
		<Replace Tag="LOC_UNIT_FATHERLAND_VOLUNTEER_DESCRIPTION" Language="zh_Hans_CN">
			<Text>取代步兵的巴西工业时代特色近战单位，招募成本和维护费更低。</Text>
		</Replace>
		<Replace Tag="LOC_UNIT_HYKSOS_BOWMAN_NAME" Language="zh_Hans_CN">
			<Text>希克索斯弓手</Text>
		</Replace>
		<Replace Tag="LOC_UNIT_HYKSOS_BOWMAN_DESCRIPTION" Language="zh_Hans_CN">
			<Text>取代弓箭手的埃及古典时代特色远程攻击单位，拥有更强的战斗力。</Text>
		</Replace>
		<Replace Tag="LOC_UNIT_GENDARME_NAME" Language="zh_Hans_CN">
			<Text>宪兵</Text>
		</Replace>
		<Replace Tag="LOC_UNIT_GENDARME_DESCRIPTION" Language="zh_Hans_CN">
			<Text>取代骑士的法国中世纪特色重骑兵单位，当进攻时+5战斗力[ICON_Strength]。</Text>
		</Replace>
		<Replace Tag="LOC_UNIT_GARDE_REPUBLICAINE_NAME" Language="zh_Hans_CN">
			<Text>共和国卫队</Text>
		</Replace>
		<Replace Tag="LOC_UNIT_GARDE_REPUBLICAINE_DESCRIPTION" Language="zh_Hans_CN">
			<Text>取代机械化步兵的刚果信息时代特色近战单位，当位于城市区域内或攻击城市区域时+10战斗力[ICON_Strength]。</Text>
		</Replace>
		<Replace Tag="LOC_UNIT_BANDEIRANTE_NAME" Language="zh_Hans_CN">
			<Text>执旗兵</Text>
		</Replace>
		<Replace Tag="LOC_UNIT_BANDEIRANTE_DESCRIPTION" Language="zh_Hans_CN">
			<Text>取代游骑兵的巴西文艺复兴特色侦察单位，研究科技树的“火药”解锁，当消灭敌军单位即获得其对方战斗力25%的金币[ICON_Gold]和文化[ICON_Culture]，且能建造堡垒。</Text>
		</Replace>
		<Replace Tag="LOC_UNIT_TERCIO_NAME" Language="zh_Hans_CN">
			<Text>大方阵</Text>
		</Replace>
		<Replace Tag="LOC_UNIT_TERCIO_DESCRIPTION" Language="zh_Hans_CN">
			<Text>西班牙文艺复兴特色近战单位，当对抗骑兵时战斗力更强。</Text>
		</Replace>
		<Replace Tag="LOC_UNIT_SEPOY_NAME" Language="zh_Hans_CN">
			<Text>西帕依火枪手</Text>
		</Replace>
		<Replace Tag="LOC_UNIT_SEPOY_DESCRIPTION" Language="zh_Hans_CN">
			<Text>取代线列步兵的印度工业时代特色近战单位，当受伤时不会减少战斗力。</Text>
		</Replace>
		<Replace Tag="LOC_UNIT_AMAZON_SCOUT_NAME" Language="zh_Hans_CN">
			<Text>探林者</Text>
		</Replace>
		<Replace Tag="LOC_UNIT_AMAZON_SCOUT_DESCRIPTION" Language="zh_Hans_CN">
			<Text>取代侦察兵的斯基太特色远古时代侦察单位。</Text>
		</Replace>
		<Replace Tag="LOC_UNIT_PANZER_NAME" Language="zh_Hans_CN">
			<Text>虎式坦克</Text>
		</Replace>
		<Replace Tag="LOC_UNIT_PANZER_DESCRIPTION" Language="zh_Hans_CN">
			<Text>取代坦克的德国现代特色重骑兵单位，当进攻时+5战斗力[ICON_Strength]。</Text>
		</Replace>
		<Replace Tag="LOC_UNIT_T34_NAME" Language="zh_Hans_CN">
			<Text>T-34坦克</Text>
		</Replace>
		<Replace Tag="LOC_UNIT_T34_DESCRIPTION" Language="zh_Hans_CN">
			<Text>取代坦克的俄罗斯现代特色重骑兵单位，当位于国境内时+5战斗力[ICON_Strength]且生产成本与维护费且更低。</Text>
		</Replace>
		<Replace Tag="LOC_UNIT_YAMATO_NAME" Language="zh_Hans_CN">
			<Text>大和级战列舰</Text>
		</Replace>
		<Replace Tag="LOC_UNIT_YAMATO_DESCRIPTION" Language="zh_Hans_CN">
			<Text>取代战列舰的日本特色现代海军远程攻击单位，拥有更强的战斗力。</Text>
		</Replace>
		<Replace Tag="LOC_UNIT_WAR_GALLEY_NAME" Language="zh_Hans_CN">
			<Text>四十桨战船</Text>
		</Replace>
		<Replace Tag="LOC_UNIT_WAR_GALLEY_DESCRIPTION" Language="zh_Hans_CN">
			<Text>取代四段帆船的埃及特色海军远程攻击单位，拥有更强的战斗力且射程+1。</Text>
		</Replace>
		<Replace Tag="LOC_UNIT_ONAGER_NAME" Language="zh_Hans_CN">
			<Text>重型抛石机</Text>
		</Replace>
		<Replace Tag="LOC_UNIT_ONAGER_DESCRIPTION" Language="zh_Hans_CN">
			<Text>取代石弩的罗马古典时代特色攻城单位，拥有更强的战斗力。</Text>
		</Replace>
		<Replace Tag="LOC_UNIT_VULTURE_NAME" Language="zh_Hans_CN">
			<Text>镰刀剑客</Text>
		</Replace>
		<Replace Tag="LOC_UNIT_VULTURE_DESCRIPTION" Language="zh_Hans_CN">
			<Text>取代剑客的苏美尔古典时代特色近战单位，当进攻受伤单位时+5战斗力[ICON_Strength]。</Text>
		</Replace>
		<Row Tag="LOC_UNIT_ARMATOLOS_NAME" Language="zh_Hans_CN">
			<Text>警备纠察队</Text>
		</Row>
		<Row Tag="LOC_UNIT_ARMATOLOS_DESCRIPTION" Language="zh_Hans_CN">
			<Text>取代线列步兵的希腊工业时代特色近战单位，当位于丘陵作战时+5战斗力[ICON_Strength]且没有移动惩罚。招募不需要"硝"。</Text>
		</Row>
		<Row Tag="LOC_UNIT_FRENCH_MARINE_NAME" Language="zh_Hans_CN">
			<Text>国王卫队</Text>
		</Row>
		<Row Tag="LOC_UNIT_FRENCH_MARINE_DESCRIPTION" Language="zh_Hans_CN">
			<Text>取代火枪手的法国文艺复兴特色近战单位，当位于外国大陆作战时+5战斗力[ICON_Strength]，且海岸登陆与渡河时没有进攻惩罚。</Text>
		</Row>
		<Row Tag="LOC_UNIT_GHAZI_NAME" Language="zh_Hans_CN">
			<Text>加齐</Text>
		</Row>
		<Row Tag="LOC_UNIT_GHAZI_DESCRIPTION" Language="zh_Hans_CN">
			<Text>取代剑客的阿拉伯古典时代特色近战单位，当消灭敌军单位即获得对方自身50%战斗力[ICON_Strength]的信仰[ICON_Faith]。对异教进攻时+5战斗力，攻占的城市自动转换为玩家创立的宗教且可用信仰购买。</Text>
		</Row>
		<Row Tag="LOC_UNIT_MEDICINE_MAN_NAME" Language="zh_Hans_CN">
			<Text>部族药师</Text>
		</Row>
		<Row Tag="LOC_UNIT_MEDICINE_MAN_DESCRIPTION" Language="zh_Hans_CN">
			<Text>取代医生的刚果特色支援单位，研究市政树的“神秘主义”解锁，为近战、骑兵、反骑兵单位提供医治且消灭敌军单位即获得对方50%战斗力[ICON_Strength]的信仰[ICON_Faith]，可用信仰购买但每座圣地只能招募一位。</Text>
		</Row>
		<Row Tag="LOC_UNIT_SHIGONG_NAME" Language="zh_Hans_CN">
			<Text>大师</Text>
		</Row>
		<Row Tag="LOC_UNIT_SHIGONG_DESCRIPTION" Language="zh_Hans_CN">
			<Text>中国特色支援单位，研究市政树的“军事训练”解锁，为近战、骑兵、反骑兵单位提供+5战斗力[ICON_Strength]作战能力加成且能收获更多经验值，但每座兵营只能招募一位。</Text>
		</Row>		
		<Replace Tag="LOC_UNIT_SPANISH_CONQUISTADOR_DESCRIPTION" Language="zh_Hans_CN">
			<Text>取代火枪手的西班牙文艺复兴时代特色近战单位，当有宗教单位跟随时+9[ICON_Strength]战斗力，征服者攻破城市或攻破城市时征服者与城市中心相邻，则强迫该城市改信西班牙的主流宗教。</Text>
		</Replace>		
		<Replace Tag="LOC_UNIT_SNIPER_NAME" Language="zh_Hans_CN">
			<Text>狙击手</Text>
		</Replace>
		<Replace Tag="LOC_UNIT_SNIPER_DESCRIPTION" Language="zh_Hans_CN">
			<Text>原子时代的快速移动、侦察、远程单位，当对抗陆地单位(不包括重骑兵单位)时+12战斗力[ICON_Strength]，位于丘陵时+1视野[ICON_Range]，攻击和移动不能在同一回合内进行。</Text>
		</Replace>
		<Replace Tag="LOC_UNIT_EXPLORER_NAME" Language="zh_Hans_CN">
			<Text>探险家</Text>
		</Replace>
		<Replace Tag="LOC_UNIT_EXPLORER_DESCRIPTION" Language="zh_Hans_CN">
			<Text>文艺复兴的快速移动、侦察单位，能忽略跨河与海滩登陆的移动惩罚。</Text>
		</Replace>
		<Replace Tag="LOC_UNIT_MACEMAN_NAME" Language="zh_Hans_CN">
			<Text>长剑士</Text>
		</Replace>
		<Replace Tag="LOC_UNIT_MACEMAN_DESCRIPTION" Language="zh_Hans_CN">
			<Text>中世纪时代的近战单位。</Text>
		</Replace>	
		<Replace Tag="LOC_UNIT_MEDIEVAL_HORSEMAN_NAME" Language="zh_Hans_CN">
			<Text>骑兵</Text>
		</Replace>
		<Replace Tag="LOC_UNIT_MEDIEVAL_HORSEMAN_DESCRIPTION" Language="zh_Hans_CN">
			<Text>中世纪轻骑兵单位。</Text>
		</Replace>
		<Replace Tag="LOC_UNIT_HORSEMAN_NAME" Language="zh_Hans_CN">
			<Text>轻骑手</Text>
		</Replace>	
		<Replace Tag="LOC_UNIT_AMERICAN_AH64_APACHE_NAME" Language="zh_Hans_CN">
			<Text>阿帕奇直升机</Text>
		</Replace>
		<Replace Tag="LOC_UNIT_AMERICAN_AH64_APACHE_DESCRIPTION" Language="zh_Hans_CN">
			<Text>取代直升机的美国原子时代特色轻骑兵单位，当对抗重骑兵单位时+10战斗力[ICON_Strength]。</Text>
		</Replace>
		<Replace Tag="LOC_UNIT_ENGLISH_IRONSIDE_NAME" Language="zh_Hans_CN">
			<Text>铁骑军</Text>
		</Replace>
		<Replace Tag="LOC_UNIT_ENGLISH_IRONSIDE_DESCRIPTION" Language="zh_Hans_CN">
			<Text>英国文艺复兴时代特色重骑兵单位，研究市政树的“归正会”解锁。当毗邻己方领土和对抗其他宗教的敌军时+5战斗力[ICON_Strength]。</Text>
		</Replace>
		<Replace Tag="LOC_UNIT_NORWEGIAN_ULFHEDNAR_NAME" Language="zh_Hans_CN">
			<Text>半人狼祭祀者</Text>
		</Replace>
		<Replace Tag="LOC_UNIT_NORWEGIAN_ULFHEDNAR_DESCRIPTION" Language="zh_Hans_CN">
			<Text>挪威远古时代特色支援单位，研究市政树的“神秘主义”解锁。为近战、骑兵、反骑兵单位提供+5战斗力[ICON_Strength]作战能力加成且击败敌军单位即获得其自身战斗力[ICON_Strength]50%的信仰[ICON_Faith]。</Text>
		</Replace>
		<Replace Tag="LOC_UNIT_GATLING_GUN_NAME" Language="zh_Hans_CN">
			<Text>加特林机枪</Text>
		</Replace>
		<Replace Tag="LOC_UNIT_GATLING_GUN_DESCRIPTION" Language="zh_Hans_CN">
			<Text>工业时代反骑兵单位。</Text>
		</Replace>
		<Replace Tag="LOC_UNIT_RECON_NAME" Language="zh_Hans_CN">
			<Text>突击小队</Text>
		</Replace>
		<Replace Tag="LOC_UNIT_RECON_DESCRIPTION" Language="zh_Hans_CN">
			<Text>现代侦察单位，当移动时忽略河流与登陆惩罚。</Text>
		</Replace>
		<Replace Tag="LOC_UNIT_MODERN_SNIPER_NAME" Language="zh_Hans_CN">
			<Text>狙击精英</Text>
		</Replace>
		<Replace Tag="LOC_UNIT_MODERN_SNIPER_DESCRIPTION" Language="zh_Hans_CN">
			<Text>信息时代远程攻击单位，当对抗陆地单位时+12射程[ICON_Ranged](重骑兵单位除外)且在丘陵地块时+1射程[ICON_Range]，攻击和移动不能在同一回合内进行。</Text>
		</Replace>
		<Replace Tag="LOC_UNIT_MACHINE_GUN_DESCRIPTION" Language="zh_Hans_CN">
			<Text>原子时代远程支援单位，当防御时+10战斗力[ICON_Strength]。</Text>
		</Replace>
		<Replace Tag="LOC_UNIT_INDIAN_VARU_DESCRIPTION" Language="zh_Hans_CN">
			<Text>印度中世纪特色近战单位，邻近的敌军单位-5战斗力[ICON_STRENGTH]。</Text>
		</Replace>		
		<Replace Tag="PLUS_5_CAPITAL_CONTINENT_COMBAT_BONUS_DESC" Language="zh_Hans_CN">
			<Text>当位于首都同一大陆时+5[ICON_Strength]攻击力</Text>
		</Replace>		
		<Replace Tag="PLUS_4_VERSUS_MELEE_CAVALRY_COMBAT_BONUS_DESC" Language="zh_Hans_CN">
			<Text>当对抗近战单位时+4[ICON_Strength]攻击力</Text>
		</Replace>
		<Replace Tag="PLUS_4_LONGBOWMAN_ADJACENCY_COMBAT_BONUS_DESC" Language="zh_Hans_CN">
			<Text>当靠近另一个皇家长弓手时+4[ICON_Strength]攻击力</Text>
		</Replace>
		<Replace Tag="PLUS_5_EQUITE_ADJACENCY_COMBAT_BONUS_DESC" Language="zh_Hans_CN">
			<Text>当靠近罗马军团或勇士时+5[ICON_Strength]攻击力</Text>
		</Replace>
		<Replace Tag="PLUS_5_ZIGURRAT_PROXIMITY_COMBAT_BONUS_DESC" Language="zh_Hans_CN">
			<Text>当位于金字形神塔时+5[ICON_Strength]攻击力</Text>
		</Replace>
		<Replace Tag="PLUS_8_DESERT_PLAINS_COMBAT_BONUS_DESC" Language="zh_Hans_CN">
			<Text>当位于沙漠或泛滥平原时+8[ICON_Strength]攻击力</Text>
		</Replace>
		<Replace Tag="PLUS_5_NOT_OWNER_TERRITORY_COMBAT_BONUS_DESC" Language="zh_Hans_CN">
			<Text>当位于国外大陆时时+5[ICON_Strength]攻击力</Text>
		</Replace>
		<Replace Tag="PLUS_5_FOREST_JUNGLE_COMBAT_BONUS_DESC" Language="zh_Hans_CN">
			<Text>当位于森林或雨林时+5[ICON_Strength]攻击力</Text>
		</Replace>
		<Replace Tag="PLUS_4_VERSUS_MELEE_COMBAT_BONUS_DESC" Language="zh_Hans_CN">
			<Text>当对抗近战单位时+4[ICON_Strength]攻击力</Text>
		</Replace>
		<Replace Tag="PLUS_10_WHEN_DEFENDING_COMBAT_BONUS_DESC" Language="zh_Hans_CN">
			<Text>当防御时+10[ICON_Strength]攻击力</Text>
		</Replace>
		<Replace Tag="PLUS_5_WHEN_ATTACKING_COMBAT_BONUS_DESC" Language="zh_Hans_CN">
			<Text>当位进攻时+5[ICON_Strength]攻击力</Text>
		</Replace>
		<Replace Tag="PLUS_5_HILLS_COMBAT_BONUS_DESC" Language="zh_Hans_CN">
			<Text>当位于丘陵时+5[ICON_Strength]攻击力</Text>
		</Replace>
		<Replace Tag="RECEIVE_SHIGONG_COMBAT_BONUS_DESC" Language="zh_Hans_CN">
			<Text>当位受到大师支援时+5[ICON_Strength]攻击力</Text>
		</Replace>
		<Replace Tag="PLUS_5_FOREIGN_COMBAT_BONUS_DESC" Language="zh_Hans_CN">
			<Text>当位于外国大陆时+5[ICON_Strength]攻击力</Text>
		</Replace>	
		<Replace Tag="PLUS_5_OTHER_RELIGION_COMBAT_BONUS_DESC" Language="zh_Hans_CN">
			<Text>当对抗异教徒时+5[ICON_Strength]攻击力</Text>
		</Replace>				
		<Replace Tag="RECEIVE_NORWEGIAN_ULFHEDNAR_COMBAT_BONUS_DESC" Language="zh_Hans_CN">
			<Text>当对抗未受损单位时+5[ICON_Strength]攻击力</Text>
		</Replace>
		<Replace Tag="RECEIVE_NORWEGIAN_ULFHEDNAR_DAMAGED_UNITS_BONUS_DESC" Language="zh_Hans_CN">
			<Text>当对抗受损单位时+10[ICON_Strength]攻击力</Text>
		</Replace>
		<Replace Tag="PLUS_10_VS_HEAVY_CAVALRY_COMBAT_BONUS_DESC" Language="zh_Hans_CN">
			<Text>当对抗重骑兵单位时+10[ICON_Strength]攻击力</Text>
		</Replace>
		<Replace Tag="PLUS_15_VS_HEAVY_CAVALRY_COMBAT_BONUS_DESC" Language="zh_Hans_CN">
			<Text>当对抗重骑兵单位时+15[ICON_Strength]攻击力</Text>
		</Replace>
		<Replace Tag="PLUS_20_VS_LIGHT_CAVALRY_COMBAT_BONUS_DESC" Language="zh_Hans_CN">
			<Text>当对抗轻骑兵单位时+20[ICON_Strength]攻击力</Text>
		</Replace>		
	</LocalizedText>
</GameData>
