<?xml version="1.0" encoding="utf-8"?>
<GameData>
	<LocalizedText>
		<Replace Tag="LOC_UNIT_CAMEL_ARCHER_NAME" Language="es_ES">
			<Text>Arquero en camello</Text>
		</Replace>
		<Replace Tag="LOC_UNIT_CAMEL_ARCHER_DESCRIPTION" Language="es_ES">
			<Text>Unidad exclusiva de Arabia de la edad clásica. Gana +8 [ICON_Strength] cuando lucha en desierto o llanura. </Text>
		</Replace>
		<Replace Tag="LOC_UNIT_PELTAST_NAME" Language="es_ES">
			<Text>Peltasta </Text>
		</Replace>
		<Replace Tag="LOC_UNIT_PELTAST_DESCRIPTION" Language="es_ES">
			<Text>Unidad exclusiva de grecia que reemplaza al arquero. Mas fuerte tanto a distancia como en combate cuerpo a cuerpo que el arquero pero con solo 1 de rango</Text>
		</Replace>
		<Replace Tag="LOC_UNIT_MINUTEMAN_NAME" Language="es_ES">
			<Text>Minuteman</Text>
		</Replace>
		<Replace Tag="LOC_UNIT_MINUTEMAN_DESCRIPTION" Language="es_ES">
			<Text>Unidad exclusiva de América de la edad industrial que remplaza al mosquete. Ligeramente mas debil que el mosquete, pero mas barato. Gana +5 [ICON_Strength] cuando lucha adyacente o dentro a su propio territorio. También gana +5 [ICON_Strength] adicional si lucha en bosque o jungla.</Text>
		</Replace>
		<Replace Tag="LOC_UNIT_LANDSKNECHT_NAME" Language="es_ES">
			<Text>Lansquenete</Text>
		</Replace>
		<Replace Tag="LOC_UNIT_LANDSKNECHT_DESCRIPTION" Language="es_ES">
			<Text>Unidad exclusiva de Alemania de la edad medieval que reemplaza al piquero. Cuesta la mitad que el piquero pero debe ser comprado con oro. </Text>
		</Replace>
		<Replace Tag="LOC_UNIT_PHALANX_NAME" Language="es_ES">
			<Text>Falange</Text>
		</Replace>
		<Replace Tag="LOC_UNIT_PHALANX_DESCRIPTION" Language="es_ES">
			<Text>Unidad exclusiva de Sumeria de la antigüedad que reemplaza al lancero. El falange esta disponible tras descubrir la minería. Gana +8 [ICON_Strength] al combatir a 8 o menos casillas de un Ziggurat.</Text>
		</Replace>
		<Replace Tag="LOC_UNIT_CHOKONU_NAME" Language="es_ES">
			<Text>Cho-Ko-Nu</Text>
		</Replace>
		<Replace Tag="LOC_UNIT_CHOKONU_DESCRIPTION" Language="es_ES">
			<Text>Unidad exclusiva de China de la edad medieval que reemplaza al ballestero. Ligeramente peor que el ballestero pero puede atacar dos veces por turno. </Text>
		</Replace>
		<Replace Tag="LOC_UNIT_RIFLEMAN_NAME" Language="es_ES">
			<Text>Fusilero </Text>
		</Replace>
		<Replace Tag="LOC_UNIT_RIFLEMAN_DESCRIPTION" Language="es_ES">
			<Text>Unidad cuerpo a cuerpo de la edad industrial</Text>
		</Replace>
		<Replace Tag="LOC_UNIT_JINETE_NAME" Language="es_ES">
			<Text>Jinete Español</Text>
		</Replace>
		<Replace Tag="LOC_UNIT_JINETE_DESCRIPTION" Language="es_ES">
			<Text>Unidad exclusiva de España que reemplaza al jinete común. Gana un 50% [ICON_Strength] fuerza de combate de la unidad vencida en combate como [ICON_Faith] fe si lucha en el mismo continente que su capital.</Text>
		</Replace>
		<Replace Tag="LOC_UNIT_EQUITE_NAME" Language="es_ES">
			<Text>Equite </Text>
		</Replace>
		<Replace Tag="LOC_UNIT_EQUITE_DESCRIPTION" Language="es_ES">
			<Text>Unidad de caballería exclusiva de Roma que reemplaza al jinete. Gana +5 [ICON_Strength]  al combatir junto a una unidad de legión o un guerrero. Gana un 33% de [ICON_Strength]  la fuerza de combate de la unidad vencida en combate como [ICON_Gold] oro.</Text>
		</Replace>
		<Replace Tag="LOC_UNIT_DRUZHINA_NAME" Language="es_ES">
			<Text>Caballería Druzhina</Text>
		</Replace>
		<Replace Tag="LOC_UNIT_DRUZHINA_DESCRIPTION" Language="es_ES">
			<Text>Unidad exclusiva de Rusia que reemplaza al jinete. Gana +5 [ICON_Strength] al combatir contra unidades heridas y +4 [ICON_Strength] al combatir contra unidades cuerpo a cuerpo. </Text>
		</Replace>
		<Replace Tag="LOC_UNIT_HIRDMAN_NAME" Language="es_ES">
			<Text>Hird</Text>
		</Replace>
		<Replace Tag="LOC_UNIT_HIRDMAN_DESCRIPTION" Language="es_ES">
			<Text>Unidad exclusiva de Noruega de la edad clásica que reemplaza al guerrero con espada. Gana +5 [ICON_Strength] y gana un 50% de [ICON_Strength] de la unidad vencida en combate como [ICON_Culture] cultura si lucha en el mismo continente que su capital.</Text>
		</Replace>
		<Replace Tag="LOC_UNIT_MUGHAL_SOWAR_NAME" Language="es_ES">
			<Text>Sowar Mongol</Text>
		</Replace>
		<Replace Tag="LOC_UNIT_MUGHAL_SOWAR_DESCRIPTION" Language="es_ES">
			<Text>Unidad de caballería pesada exclusiva de India que reemplaza al caballero. Ignora penalizaciones de movimiento por terreno. Se cura +15 por turno al estar al lado de un pozo escalonado. </Text>
		</Replace>
		<Replace Tag="LOC_UNIT_LONGBOWMAN_NAME" Language="es_ES">
			<Text>Arquero de arco largo</Text>
		</Replace>
		<Replace Tag="LOC_UNIT_LONGBOWMAN_DESCRIPTION" Language="es_ES">
			<Text>Unidad a distancia exclusiva de Inglaterra que reemplaza al ballestero. Gana +4 [ICON_Strength] contra unidades cuerpo a cuerpo y de caballería y  +4 [ICON_Strength] adicionales si esta junto a otro arquero de arco largo. </Text>
		</Replace>
		<Replace Tag="LOC_UNIT_CUIRASSIER_NAME" Language="es_ES">
			<Text>Coracero (Cuirassier)</Text>
		</Replace>
		<Replace Tag="LOC_UNIT_CUIRASSIER_DESCRIPTION" Language="es_ES">
			<Text>Unidad de caballería pesada de la edad industrial</Text>
		</Replace>
		<Replace Tag="LOC_UNIT_SOHEI_NAME" Language="es_ES">
			<Text>Sohei</Text>
		</Replace>
		<Replace Tag="LOC_UNIT_SOHEI_DESCRIPTION" Language="es_ES">
			<Text>Unidad exclusiva de Japón que se desbloquea junto al feudalismo. Se puede comprar con [ICON_Faith] fe. Gana +10 [ICON_Strength] al defender.</Text>
		</Replace>
		<Replace Tag="LOC_UNIT_AMAZON_NAME" Language="es_ES">
			<Text>Caballería amazona</Text>
		</Replace>
		<Replace Tag="LOC_UNIT_AMAZON_DESCRIPTION" Language="es_ES">
			<Text>Unidad de caballería pesada exclusiva de Escitia de la edad medieval que reemplaza al caballero. puede moverse despues de atacar. </Text>
		</Replace>
		<Replace Tag="LOC_UNIT_FATHERLAND_VOLUNTEER_NAME" Language="es_ES">
			<Text>Voluntario por la patria </Text>
		</Replace>
		<Replace Tag="LOC_UNIT_FATHERLAND_VOLUNTEER_DESCRIPTION" Language="es_ES">
			<Text>Unidad exclusiva de Brasil de la edad industrial que reemplaza al fusilero. Tiene un menor coste de reclutamiento y mantenimiento. </Text>
		</Replace>
		<Replace Tag="LOC_UNIT_HYKSOS_BOWMAN_NAME" Language="es_ES">
			<Text>Arquero Hicsos </Text>
		</Replace>
		<Replace Tag="LOC_UNIT_HYKSOS_BOWMAN_DESCRIPTION" Language="es_ES">
			<Text>Unidad exclusiva de Egipto que reemplaza al arquero. Mas fuerte que el arquero. </Text>
		</Replace>
		<Replace Tag="LOC_UNIT_GENDARME_NAME" Language="es_ES">
			<Text>Gendarme</Text>
		</Replace>
		<Replace Tag="LOC_UNIT_GENDARME_DESCRIPTION" Language="es_ES">
			<Text>Unidad de caballería pesada exclusiva de Francia medieval que reemplaza al caballero. Gana +5 [ICON_Strength] cuando ataca.</Text>
		</Replace>
		<Replace Tag="LOC_UNIT_GARDE_REPUBLICAINE_NAME" Language="es_ES">
			<Text>Guardia republicana</Text>
		</Replace>
		<Replace Tag="LOC_UNIT_GARDE_REPUBLICAINE_DESCRIPTION" Language="es_ES">
			<Text>Unidad exclusiva del Kongo de la era de la información que reemplaza a la infantería mecanizada. Gana +10 [ICON_Strength] cuando ataca o defiende un distrito.</Text>
		</Replace>
		<Replace Tag="LOC_UNIT_BANDEIRANTE_NAME" Language="es_ES">
			<Text>Bandeirante</Text>
		</Replace>
		<Replace Tag="LOC_UNIT_BANDEIRANTE_DESCRIPTION" Language="es_ES">
			<Text>Unidad exclusiva de Brasil del renacimiento que reemplaza al ranger. Disponible antes que el ranger, al descubrir la pólvora. Puede construir fuertes.Gana un 25% de la fuerza de combate de la unidad vencida en combate como [ICON_Culture]cultura y un 25% de la fuerza de combate de la unidad vencida en combate como [ICON_Gold]oro.</Text>
		</Replace>
		<Replace Tag="LOC_UNIT_TERCIO_NAME" Language="es_ES">
			<Text>Tercio</Text>
		</Replace>
		<Replace Tag="LOC_UNIT_TERCIO_DESCRIPTION" Language="es_ES">
			<Text>Unidad anticaballería exclusiva de España del renacimiento.</Text>
		</Replace>
		<Replace Tag="LOC_UNIT_SEPOY_NAME" Language="es_ES">
			<Text>Cipayo</Text>
		</Replace>
		<Replace Tag="LOC_UNIT_SEPOY_DESCRIPTION" Language="es_ES">
			<Text>Unidad exclusiva de India que reemplaza al fusilero. Lucha con su fuerza cuerpo a cuerpo completa incluso dañado. </Text>
		</Replace>
		<Replace Tag="LOC_UNIT_AMAZON_SCOUT_NAME" Language="es_ES">
			<Text>Exploradora amazona</Text>
		</Replace>
		<Replace Tag="LOC_UNIT_AMAZON_SCOUT_DESCRIPTION" Language="es_ES">
			<Text>Unidad exclusiva de Escitia de la edad antigüa que reemplaza al explorador. Mas fuerte que el explorador. </Text>
		</Replace>
		<Replace Tag="LOC_UNIT_PANZER_NAME" Language="es_ES">
			<Text>Tiger I</Text>
		</Replace>
		<Replace Tag="LOC_UNIT_PANZER_DESCRIPTION" Language="es_ES">
			<Text>Unidad exclusiva de Alemania que reemplaza al tanque. Gana +5 [ICON_Strength] cuando ataca.</Text>
		</Replace>
		<Replace Tag="LOC_UNIT_T34_NAME" Language="es_ES">
			<Text>T-34</Text>
		</Replace>
		<Replace Tag="LOC_UNIT_T34_DESCRIPTION" Language="es_ES">
			<Text>Unidad exclusiva de Rusia que reemplaza al tanque. Cuesta menos de construir y de mantener. Gana +5 [ICON_Strength] cuando lucha adyacente o dentro a su propio territorio.</Text>
		</Replace>
		<Replace Tag="LOC_UNIT_YAMATO_NAME" Language="es_ES">
			<Text>Yamato</Text>
		</Replace>
		<Replace Tag="LOC_UNIT_YAMATO_DESCRIPTION" Language="es_ES">
			<Text>Unidad exclusiva de Japón que reemplaza al Acorazado. Fas fuerte que el acorazado.</Text>
		</Replace>
		<Replace Tag="LOC_UNIT_WAR_GALLEY_NAME" Language="es_ES">
			<Text>Tessarakonteres</Text>
		</Replace>
		<Replace Tag="LOC_UNIT_WAR_GALLEY_DESCRIPTION" Language="es_ES">
			<Text>Unidad naval a distancia exclusiva de Egipto que reemplaza al cuatrirreme. mas fuerte que el cuatrirreme y con un rango de 2 en vez de 1. </Text>
		</Replace>
		<Replace Tag="LOC_UNIT_ONAGER_NAME" Language="es_ES">
			<Text>Mangonel </Text>
		</Replace>
		<Replace Tag="LOC_UNIT_ONAGER_DESCRIPTION" Language="es_ES">
			<Text>Unidad de asedio exclusiva de Roma que reemplaza a la catapulta. Mas fuerte que la catapulta. </Text>
		</Replace>
		<Replace Tag="LOC_UNIT_VULTURE_NAME" Language="es_ES">
			<Text>Guerrero con hoz</Text>
		</Replace>
		<Replace Tag="LOC_UNIT_VULTURE_DESCRIPTION" Language="es_ES">
			<Text>Unidad exclusiva de Sumeria. Gana +5 [ICON_Strength] al combatir contra unidades dañadas.</Text>
		</Replace>
		<Replace Tag="LOC_UNIT_ARMATOLOS_NAME" Language="es_ES">
			<Text>Armatoles</Text>
		</Replace>
		<Replace Tag="LOC_UNIT_ARMATOLOS_DESCRIPTION" Language="es_ES">
			<Text>Unidad exclusiva de Grecia que reemplaza al fusilero. Gana +5 [ICON_Strength]  al combatir en colinas e ignora la penalización de movimiento en colinas</Text>
		</Replace>
		<Replace Tag="LOC_UNIT_FRENCH_MARINE_NAME" Language="es_ES">
			<Text>Marine</Text>
		</Replace>
		<Replace Tag="LOC_UNIT_FRENCH_MARINE_DESCRIPTION" Language="es_ES">
			<Text>Unidad de combate cuerpo a cuerpo exclusiva de Francia que reemplaza al mosquetero. Gana +5 [ICON_Strength] cuando combate en un continente diferente. Anfibia - sin nacionalización por atacar desde el mar o ríos. </Text>
		</Replace>
		<Replace Tag="LOC_UNIT_GHAZI_NAME" Language="es_ES">
			<Text>Ghazi</Text>
		</Replace>
		<Replace Tag="LOC_UNIT_GHAZI_DESCRIPTION" Language="es_ES">
			<Text>Unidad exclusiva de Arabia que reemplaza al soldado con espada. Gana +5 [ICON_Strength] cuando lucha contra oponentes que siguen otra religión. Gana un 50% de [ICON_Strength] de la unidad vencida en combate como [ICON_Faith] fe. Convierte las ciudades capturadas a tu religión. Puede comprarse con [ICON_Faith] fe.</Text>
		</Replace>
		<Replace Tag="LOC_UNIT_MEDICINE_MAN_NAME" Language="es_ES">
			<Text>Chamán </Text>
		</Replace>
		<Replace Tag="LOC_UNIT_MEDICINE_MAN_DESCRIPTION" Language="es_ES">
			<Text>Unidad de soporte exclusiva del Kongo que reemplaza al médico pero disponible antes al investigar misticismo. Cura unidades y hace que las unidades adyacentes de cuerpo a cuerpo, caballería, anticaballería, y a distancia ganen el 50% de [ICON_Strength] de la unidad vencida en combate como [ICON_Faith] fe. Puede ser comprado con [ICON_Faith] fe. </Text>
		</Replace>
		<Replace Tag="LOC_UNIT_SHIGONG_NAME" Language="es_ES">
			<Text>Shigong</Text>
		</Replace>
		<Replace Tag="LOC_UNIT_SHIGONG_DESCRIPTION" Language="es_ES">
			<Text>Unidad de soporte exclusiva de China disponible tras desbloquear entrenamiento militar. Unidades adyacentes de combate cuerpo a cuerpo, caballería, anticaballería y a distancia ganan +5 [ICON_Strength] y ganan mas experiencia. Se puede construir 1 Shigong por cada barracon construido. </Text>
		</Replace>
		<Replace Tag="LOC_UNIT_SPANISH_CONQUISTADOR_DESCRIPTION" Language="es_ES">
			<Text>Unidad del renacimiento Española que reemplaza al mosquete. Gana +9 [ICON_Strength] cuando hay un misionero, inquisidor, o apostol en la misma casilla. Si captura una ciudad, o esta adyacente a ella cuando es capturada, la ciudad se convertira automaticamente a la religion del jugador</Text>
		</Replace>
		<Replace Tag="LOC_UNIT_SNIPER_NAME" Language="es_ES">
			<Text>Francotirador</Text>
		</Replace>
		<Replace Tag="LOC_UNIT_SNIPER_DESCRIPTION" Language="es_ES">
			<Text>Unidad a distancia de la era atómica. No puede moverse y atacar en el mismo turno. Gana +12 [ICON_Strength] al atacar unidades terrestres (excepto caballería pesada). Gana +1 de rango cuando esta en colinas.. Se mejora desde cañón de campaña.</Text>
		</Replace>
		<Replace Tag="LOC_UNIT_EXPLORER_NAME" Language="es_ES">
			<Text>Explorador</Text>
		</Replace>
		<Replace Tag="LOC_UNIT_EXPLORER_DESCRIPTION" Language="es_ES">
			<Text>Unidad del renacimiento de reconocimiento con movimiento rapido. Ignora los rios y no tiene penalizacion al movimiento al desembarcar</Text>
		</Replace>
		<Replace Tag="LOC_UNIT_MACEMAN_NAME" Language="es_ES">
			<Text>Guerrero con espada larga</Text>
		</Replace>
		<Replace Tag="LOC_UNIT_MACEMAN_DESCRIPTION" Language="es_ES">
			<Text>Unidad medieval de combate cuerpo a cuerpo.</Text>
		</Replace>
		<Replace Tag="LOC_UNIT_MEDIEVAL_HORSEMAN_NAME" Language="es_ES">
			<Text>Montaraz</Text>
		</Replace>
		<Replace Tag="LOC_UNIT_MEDIEVAL_HORSEMAN_DESCRIPTION" Language="es_ES">
			<Text>Caballeria ligera de la edad medieval</Text>
		</Replace>
		<Replace Tag="LOC_UNIT_AMERICAN_AH64_APACHE_NAME" Language="es_ES">
			<Text>AH-64 Apache</Text>
		</Replace>
		<Replace Tag="LOC_UNIT_AMERICAN_AH64_APACHE_DESCRIPTION" Language="es_ES">
			<Text>Unidad de caballería ligera exclusiva de América de la edad atómica. Gana +10 [ICON_Strength] contra las unidades de caballería pesada.</Text>
		</Replace>
		<Replace Tag="LOC_UNIT_ENGLISH_IRONSIDE_NAME" Language="es_ES">
			<Text>Ironside</Text>
		</Replace>
		<Replace Tag="LOC_UNIT_ENGLISH_IRONSIDE_DESCRIPTION" Language="es_ES">
			<Text>Unidad de caballería pesada exclusiva de Inglaterra disponible tras la reforma de la iglesia. Gana +5 [ICON_Strength] si se encuentra dentro o al adyacente a su propio territorio y Gana +5 [ICON_Strength] si el oponente practica otra religión. </Text>
		</Replace>
		<Replace Tag="LOC_UNIT_NORWEGIAN_ULFHEDNAR_NAME" Language="es_ES">
			<Text>Ulfhedinn</Text>
		</Replace>
		<Replace Tag="LOC_UNIT_NORWEGIAN_ULFHEDNAR_DESCRIPTION" Language="es_ES">
			<Text>Unidad exclusiva de noruega disponible tras el misticismo. Las unidades adyacentes reciben +5 [ICON_Strength] contra unidades sin dañar y +10 [ICON_Strength] contra unidades dañadas. Gana el 50% de la [ICON_Strength] de un oponente abatido como fe[ICON_Faith] si el enemigo a sido derrotado a menos de una casilla.</Text>
		</Replace>
		<Replace Tag="LOC_UNIT_GATLING_GUN_NAME" Language="es_ES">
			<Text>Ametralladora Gatling</Text>
		</Replace>
		<Replace Tag="LOC_UNIT_GATLING_GUN_DESCRIPTION" Language="es_ES">
			<Text>Unidad anti-caballería de la edad industrial. Se mejora desde piquero. Se mejora a tripulación antitanque.</Text>
		</Replace>
		<Replace Tag="LOC_UNIT_RECON_NAME" Language="es_ES">
			<Text>Comando explorador</Text>
		</Replace>
		<Replace Tag="LOC_UNIT_RECON_DESCRIPTION" Language="es_ES">
			<Text>Unidad de reconocimiento de la edad moderna. Ignora los ríos al moverse y no tiene coste de desembarco. Se mejora desde el ranger. </Text>
		</Replace>
		<Replace Tag="LOC_UNIT_MODERN_SNIPER_NAME" Language="es_ES">
			<Text>Francotirador moderno</Text>
		</Replace>
		<Replace Tag="LOC_UNIT_MODERN_SNIPER_DESCRIPTION" Language="es_ES">
			<Text>Unidad a distancia de la era de la información. No puede moverse y atacar en el mismo turno. Gana +12 [ICON_Strength] al atacar unidades terrestres (excepto caballería pesada). Gana +1 de rango cuando esta en colinas.. Se mejora desde francotirador. </Text>
		</Replace>
		<Replace Tag="LOC_UNIT_MACHINE_GUN_DESCRIPTION" Language="es_ES">
			<Text>Unidad de soporte a distancia de la era atómica (puede agruparse con otras unidades). Gana +10 [ICON_Strength] al defender.</Text>
		</Replace>
		<Replace Tag="LOC_UNIT_HORSEMAN_NAME" Language="es_ES">
			<Text>Saqueadores</Text>
		</Replace>
		<Replace Tag="LOC_UNIT_INDIAN_VARU_DESCRIPTION" Language="es_ES">
			<Text>Unidad exclusiva de india de la edad clásica. Las unidades adyacentes obtienen -5 [ICON_STRENGTH].</Text>
		</Replace>
		<Replace Tag="PLUS_5_CAPITAL_CONTINENT_COMBAT_BONUS_DESC" Language="es_ES">
			<Text>+5 [ICON_Strength] Al combatir en el mismo contienente que su capital.</Text>
		</Replace>
		<Replace Tag="PLUS_4_VERSUS_MELEE_CAVALRY_COMBAT_BONUS_DESC" Language="es_ES">
			<Text>+4 [ICON_Strength] Al combatir contra unidades cuerpo a cuerpo y de caballería</Text>
		</Replace>
		<Replace Tag="PLUS_4_LONGBOWMAN_ADJACENCY_COMBAT_BONUS_DESC" Language="es_ES">
			<Text>+4 [ICON_Strength] Al combatir al lado de un arquero largo</Text>
		</Replace>
		<Replace Tag="PLUS_5_EQUITE_ADJACENCY_COMBAT_BONUS_DESC" Language="es_ES">
			<Text>+5 [ICON_Strength] al combatir junto a una unidad de legión o un guerrero</Text>
		</Replace>
		<Replace Tag="PLUS_5_ZIGURRAT_PROXIMITY_COMBAT_BONUS_DESC" Language="es_ES">
			<Text>+5 [ICON_Strength] al combatir a 8 o menos casillas de un Ziggurat.</Text>
		</Replace>
		<Replace Tag="PLUS_8_DESERT_PLAINS_COMBAT_BONUS_DESC" Language="es_ES">
			<Text>+8 [ICON_Strength] al combatir en desierto o llanura</Text>
		</Replace>
		<Replace Tag="PLUS_5_NOT_OWNER_TERRITORY_COMBAT_BONUS_DESC" Language="es_ES">
			<Text>+5 [ICON_Strength] al combatir fuera de sus fronteras.</Text>
		</Replace>
		<Replace Tag="PLUS_5_FOREST_JUNGLE_COMBAT_BONUS_DESC" Language="es_ES">
			<Text>+5 [ICON_Strength] Al combatir en bosque o jungla.</Text>
		</Replace>
		<Replace Tag="PLUS_4_VERSUS_MELEE_COMBAT_BONUS_DESC" Language="es_ES">
			<Text>+4 [ICON_Strength] Al combatir contra unidades cuerpo a cuerpo.</Text>
		</Replace>
		<Replace Tag="PLUS_10_WHEN_DEFENDING_COMBAT_BONUS_DESC" Language="es_ES">
			<Text>+10 [ICON_Strength] Al defender.</Text>
		</Replace>
		<Replace Tag="PLUS_5_WHEN_ATTACKING_COMBAT_BONUS_DESC" Language="es_ES">
			<Text>+5 [ICON_Strength] Al atacar.</Text>
		</Replace>
		<Replace Tag="PLUS_5_HILLS_COMBAT_BONUS_DESC" Language="es_ES">
			<Text>+5 [ICON_Strength] Al combatir en colinas.</Text>
		</Replace>
		<Replace Tag="RECEIVE_SHIGONG_COMBAT_BONUS_DESC" Language="es_ES">
			<Text>+5 [ICON_Strength] por unidad Shigong.</Text>
		</Replace>
		<Replace Tag="PLUS_5_FOREIGN_COMBAT_BONUS_DESC" Language="es_ES">
			<Text>+5 [ICON_Strength] Al combatir en contienente extranjero.</Text>
		</Replace>
		<Replace Tag="PLUS_5_OTHER_RELIGION_COMBAT_BONUS_DESC" Language="es_ES">
			<Text>+5 [ICON_Strength] Cuando el oponente practica otra religión.</Text>
		</Replace>
	</LocalizedText>
</GameData>