<?xml version="1.0" encoding="utf-8"?>
<GameData>
	<LocalizedText>
		<Replace Tag="LOC_UNIT_CAMEL_ARCHER_NAME" Language="fr_FR">
			<Text>Archer à dos de dromadaire</Text>
		</Replace>
		<Replace Tag="LOC_UNIT_CAMEL_ARCHER_DESCRIPTION" Language="fr_FR">
			<Text>Unité arabe de l'Ère Classique. Obtient +8 [ICON_Strength] en combattant dans le Désert ou dans les Plaines.</Text>
		</Replace>
		<Replace Tag="LOC_UNIT_PELTAST_NAME" Language="en_US">
			<Text>Peltast</Text>
		</Replace>
		<Replace Tag="LOC_UNIT_PELTAST_DESCRIPTION" Language="en_US">
			<Text>Greek unique Ranged unit that replaces Archer. Stronger ranged attack and melee defence than Archer but with Range 1.</Text>
		</Replace>
		<Replace Tag="LOC_UNIT_MINUTEMAN_NAME" Language="fr_FR">
			<Text>Minuteman</Text>
		</Replace>
		<Replace Tag="LOC_UNIT_MINUTEMAN_DESCRIPTION" Language="fr_FR">
			<Text>Unité americaine unique de l'Ère Industrielle qui remplace le Mousquetaire. Légèrement plus puissant que le Mousquetaire, et obtient +5 [ICON_Strength] de Puissance de Combat en combattant sur son territoire ou une case adjacente. Obtient également +5 [ICON_Strength] en combattant dans la forêt ou la jungle.</Text>
		</Replace>
		<Replace Tag="LOC_UNIT_LANDSKNECHT_NAME" Language="fr_FR">
			<Text>Landsknecht</Text>
		</Replace>
		<Replace Tag="LOC_UNIT_LANDSKNECHT_DESCRIPTION" Language="fr_FR">
			<Text>Unité allemande unique de l'Ère médievale qui remplace le Piquier. Coûte motié moins que le Piquier mais doit être acheté en or et ne peut être produit.</Text>
		</Replace>
		<Replace Tag="LOC_UNIT_PHALANX_NAME" Language="fr_FR">
			<Text>Phalange</Text>
		</Replace>
		<Replace Tag="LOC_UNIT_PHALANX_DESCRIPTION" Language="fr_FR">
			<Text>Unité sumérienne unique de l'Ère antique qui remplace le Lancier. La Phalange est disponible avec la découverte de l'Exploitation Minière. +8 [ICON_Strength] si le combat est dans un rayon de 8 cases autour d'une Ziggurat.</Text>
		</Replace>
		<Replace Tag="LOC_UNIT_CHOKONU_NAME" Language="fr_FR">
			<Text>Cho-Ko-Nu</Text>
		</Replace>
		<Replace Tag="LOC_UNIT_CHOKONU_DESCRIPTION" Language="fr_FR">
			<Text>Unité chinoise unique de combat à distance de l'Ère médievale qui remplace l'Arbalétrier. Légèrement moins puissante que l'arbalétrier, mais peut attaquer deux fois par tour.</Text>
		</Replace>
		<Replace Tag="LOC_UNIT_Fusilier_NAME" Language="fr_FR">
			<Text>Fusilier</Text>
		</Replace>
		<Replace Tag="LOC_UNIT_Fusilier_DESCRIPTION" Language="fr_FR">
			<Text>Untité de combat rapproché de l'Ère Industrielle.</Text>
		</Replace>
		<Replace Tag="LOC_UNIT_JINETE_NAME" Language="fr_FR">
			<Text>Jinete</Text>
		</Replace>
		<Replace Tag="LOC_UNIT_JINETE_DESCRIPTION" Language="fr_FR">
			<Text>Unité chinoise unique de combat à distance qui remplace le Cavalier. Génère 50% de la [ICON_Strength] Puissance de Combat des unité tuées en [ICON_Faith] Foi si le combat est sur le même continent que la capitale.</Text>
		</Replace>
		<Replace Tag="LOC_UNIT_EQUITE_NAME" Language="fr_FR">
			<Text>Eques</Text>
		</Replace>
		<Replace Tag="LOC_UNIT_EQUITE_DESCRIPTION" Language="fr_FR">
			<Text>Unité de cavalerie légère romaine qui remplace le Cavalier. +5 [ICON_Strength] de Puissance de Combat à côté d'une Légion ou d'un Guerrier. Génère 33% de la [ICON_Strength] Puissance de Combat des unité tuées en [ICON_Gold] or.</Text>
		</Replace>
		<Replace Tag="LOC_UNIT_DRUZHINA_NAME" Language="fr_FR">
			<Text>Druzhina</Text>
		</Replace>
		<Replace Tag="LOC_UNIT_DRUZHINA_DESCRIPTION" Language="fr_FR">
			<Text>Unité russe unique de cavalerie légère qui remplace le Cavalier. +5 [ICON_Strength] de Puissance de Combat contre les unité blessée et +4 [ICON_Strength] de Puissance de Combat contre les unités de combat rapproché.</Text>
		</Replace>
		<Replace Tag="LOC_UNIT_HIRDMAN_NAME" Language="fr_FR">
			<Text>Hirdman</Text>
		</Replace>
		<Replace Tag="LOC_UNIT_HIRDMAN_DESCRIPTION" Language="fr_FR">
			<Text>Unité norvégienne unique de combat rapproché Norwegian de l'Ère médievale qui remplace le Spadassin. +5 [ICON_Strength] de Puissance de Combat et génère 33% de la [ICON_Strength] Puissance de Combat des unité tuées en [ICON_Culture] culture  si le combat est sur le même continent que la capitale.</Text>
		</Replace>
		<Replace Tag="LOC_UNIT_MUGHAL_SOWAR_NAME" Language="fr_FR">
			<Text>Mughal Sowar</Text>
		</Replace>
		<Replace Tag="LOC_UNIT_MUGHAL_SOWAR_DESCRIPTION" Language="fr_FR">
			<Text>Unité indienne unique de cavalerie lourde de l'Ère médievale qui remplace le Chevalier. Ignore le coût de terrain. Guérit de +15 par tour quand il est sur ou adjacent à un puit à degré.</Text>
		</Replace>
		<Replace Tag="LOC_UNIT_LONGBOWMAN_NAME" Language="fr_FR">
			<Text>Archer long</Text>
		</Replace>
		<Replace Tag="LOC_UNIT_LONGBOWMAN_DESCRIPTION" Language="fr_FR">
			<Text>Unité anglaise unique d'attaque à distance de l'Ère médievale qui remplace l'Arbalétrier. +4 [ICON_Strength] de Puissance de Combat contre les unité de combat rapproché et la cavalerie et encore +4 [ICON_Strength] de Puissance de Combat s'il est adjacent à un autre Archer long.</Text>
		</Replace>
		<Replace Tag="LOC_UNIT_CUIRASSIER_NAME" Language="fr_FR">
			<Text>Cuirassier</Text>
		</Replace>
		<Replace Tag="LOC_UNIT_CUIRASSIER_DESCRIPTION" Language="fr_FR">
			<Text>Unité de cavalerie lourde de l'Ère Industrielle.</Text>
		</Replace>
		<Replace Tag="LOC_UNIT_SOHEI_NAME" Language="fr_FR">
			<Text>Sohei</Text>
		</Replace>
		<Replace Tag="LOC_UNIT_SOHEI_DESCRIPTION" Language="fr_FR">
			<Text>Unité japonaise unique de combat rapproché disponible avec la doctrine Féodalisme. Peut être acheté avec de la [ICON_Faith] Foi. +10 [ICON_Strength] de Puissance de Combat en défendant.</Text>
		</Replace>
		<Replace Tag="LOC_UNIT_AMAZON_NAME" Language="fr_FR">
			<Text>Cavalerie Amazone</Text>
		</Replace>
		<Replace Tag="LOC_UNIT_AMAZON_DESCRIPTION" Language="fr_FR">
			<Text>Unité scythe unique de cavalerie lourde de l'Ère médievale qui remplace le Chevalier. Peut se déplacer après avoir attaqué.</Text>
		</Replace>
		<Replace Tag="LOC_UNIT_FATHERLAND_VOLUNTEER_NAME" Language="fr_FR">
			<Text>Volontaire de la Patrie</Text>
		</Replace>
		<Replace Tag="LOC_UNIT_FATHERLAND_VOLUNTEER_DESCRIPTION" Language="fr_FR">
			<Text>Unité brésilienne unique de combat rapproché de l'Ère Industrielle qui remplace le Fusilier. Moins chère que le Fusilier et moins chère à maintenir.</Text>
		</Replace>
		<Replace Tag="LOC_UNIT_HYKSOS_BOWMAN_NAME" Language="fr_FR">
			<Text>Archer Hyksos</Text>
		</Replace>
		<Replace Tag="LOC_UNIT_HYKSOS_BOWMAN_DESCRIPTION" Language="fr_FR">
			<Text>Unité égyptienne unique de combat à distance plus puissante que l'Archer qu'il remplace.</Text>
		</Replace>
		<Replace Tag="LOC_UNIT_GENDARME_NAME" Language="fr_FR">
			<Text>Gendarme</Text>
		</Replace>
		<Replace Tag="LOC_UNIT_GENDARME_DESCRIPTION" Language="fr_FR">
			<Text>Unité française unique de cavalerie lourde de l'Ère médievale qui remplace le Chevalier. +5 [ICON_Strength] de Puissance de Combat en attaquant.</Text>
		</Replace>
		<Replace Tag="LOC_UNIT_GARDE_REPUBLICAINE_NAME" Language="fr_FR">
			<Text>Garde Républicaine</Text>
		</Replace>
		<Replace Tag="LOC_UNIT_GARDE_REPUBLICAINE_DESCRIPTION" Language="fr_FR">
			<Text>Unité congolaise unique de combat rapproché de l'Ère de l'Information qui remplace le'Infantrie méchanisée. +10 [ICON_Strength] de Puissance de Combat en attaquant ou en défendant un quartier.</Text>
		</Replace>
		<Replace Tag="LOC_UNIT_BANDEIRANTE_NAME" Language="fr_FR">
			<Text>Bandeirante</Text>
		</Replace>
		<Replace Tag="LOC_UNIT_BANDEIRANTE_DESCRIPTION" Language="fr_FR">
			<Text>Unité brésilienne unique de reconnaissance de l'Ère de la Renaissance qui remplace le Ranger. Disponible à la découverte de la poudre à canon. Peut construire des forts. Génère 25% de la [ICON_Strength] Puissance de Combat des unité tuées en [ICON_Gold] or et en [ICON_Culture] culture.</Text>
		</Replace>
		<Replace Tag="LOC_UNIT_TERCIO_NAME" Language="fr_FR">
			<Text>Tercio</Text>
		</Replace>
		<Replace Tag="LOC_UNIT_TERCIO_DESCRIPTION" Language="fr_FR">
			<Text>Unité anti-cavalerie espagnole unique de l'Ère de la Renaissance.</Text>
		</Replace>
		<Replace Tag="LOC_UNIT_SEPOY_NAME" Language="fr_FR">
			<Text>Sepoy</Text>
		</Replace>
		<Replace Tag="LOC_UNIT_SEPOY_DESCRIPTION" Language="fr_FR">
			<Text>Unité indienne unique de combat rapproché qui remplace le Fusilier. Pas de pénalité d'unité blessée.</Text>
		</Replace>
		<Replace Tag="LOC_UNIT_AMAZON_SCOUT_NAME" Language="fr_FR">
			<Text>Explorateur amazone</Text>
		</Replace>
		<Replace Tag="LOC_UNIT_AMAZON_SCOUT_DESCRIPTION" Language="fr_FR">
			<Text>Unité scythe unique de reconnaissance de l'Ère antique plus puissante que l'explorateur.</Text>
		</Replace>
		<Replace Tag="LOC_UNIT_PANZER_NAME" Language="fr_FR">
			<Text>Tigre I</Text>
		</Replace>
		<Replace Tag="LOC_UNIT_PANZER_DESCRIPTION" Language="fr_FR">
			<Text>Unité allemande unique de cavalerie lourde remplaçant le Tank avec +5 [ICON_Strength] de Puissance de Combat en attaquant.</Text>
		</Replace>
		<Replace Tag="LOC_UNIT_T34_NAME" Language="fr_FR">
			<Text>T-34</Text>
		</Replace>
		<Replace Tag="LOC_UNIT_T34_DESCRIPTION" Language="fr_FR">
			<Text>Unité russe unique de cavalerie lourde remplaçant le Tank moins cher à construire et à maintenir. +5 [ICON_Strength] de Puissance de Combat dans le territoire nationale ou sur une case adjacente.</Text>
		</Replace>
		<Replace Tag="LOC_UNIT_YAMATO_NAME" Language="fr_FR">
			<Text>Yamato</Text>
		</Replace>
		<Replace Tag="LOC_UNIT_YAMATO_DESCRIPTION" Language="fr_FR">
			<Text>Unité navale japonaise unique de combat à distance. Plus puissante que le Cuirassé qu'elle remplace.</Text>
		</Replace>
		<Replace Tag="LOC_UNIT_WAR_GALLEY_NAME" Language="fr_FR">
			<Text>Tessarakonteres</Text>
		</Replace>
		<Replace Tag="LOC_UNIT_WAR_GALLEY_DESCRIPTION" Language="fr_FR">
			<Text>Unité navale égyptienne unique de combat à distance.Plus puissante que le Quadrirème qu'elle remplace et avec un portée de 2 au lieu de 1.</Text>
		</Replace>
		<Replace Tag="LOC_UNIT_ONAGER_NAME" Language="fr_FR">
			<Text>Onager</Text>
		</Replace>
		<Replace Tag="LOC_UNIT_ONAGER_DESCRIPTION" Language="fr_FR">
			<Text>Unité de siège romaine. Plus puissante que la Catapulte qu'elle remplace.</Text>
		</Replace>
		<Replace Tag="LOC_UNIT_VULTURE_NAME" Language="fr_FR">
			<Text>Spadassin à faucille</Text>
		</Replace>
		<Replace Tag="LOC_UNIT_VULTURE_DESCRIPTION" Language="fr_FR">
			<Text>Unité de combat rapproché sumérienne. +5 [ICON_Strength] de Puissance de Combat contre les unités blessées.</Text>
		</Replace>
		<Replace Tag="LOC_UNIT_ARMATOLOS_NAME" Language="fr_FR">
			<Text>Armatolos</Text>
		</Replace>
		<Replace Tag="LOC_UNIT_ARMATOLOS_DESCRIPTION" Language="fr_FR">
			<Text>Unité de combat rapproché grecque qui remplace le Fusilier. +5 [ICON_Strength] de Puissance de Combat sur les collines et ignore les pénalité de mouvement sur les collines</Text>
		</Replace>
		<Replace Tag="LOC_UNIT_FRENCH_MARINE_NAME" Language="fr_FR">
			<Text>Marine</Text>
		</Replace>
		<Replace Tag="LOC_UNIT_FRENCH_MARINE_DESCRIPTION" Language="fr_FR">
			<Text>Unité unique française de combat rapproché qui remplace le Mousquetaire. +5 [ICON_Strength] de Puissance de Combat sur les continents étranger. Amphibie - pas de pénailité d'attaque en attaquant par la mer ou en traversant une rivière.</Text>
		</Replace>
		<Replace Tag="LOC_UNIT_GHAZI_NAME" Language="fr_FR">
			<Text>Ghazi</Text>
		</Replace>
		<Replace Tag="LOC_UNIT_GHAZI_DESCRIPTION" Language="fr_FR">
			<Text>Unité arabe unique de combat rapproché de l'Ère médievale qui remplace le Spadassin à Épée Longue. +5 [ICON_Strength] de Puissance de Combat si l'adversaire suit une autre religion. Génère 50% de la [ICON_Strength] Puissance de Combat des unité tuées en [ICON_Faith] foi. Convertit les villes capturées à la religion du joueur. Peut être acheté avec de la foi.</Text>
		</Replace>
		<Replace Tag="LOC_UNIT_MEDICINE_MAN_NAME" Language="fr_FR">
			<Text>Guérisseur</Text>
		</Replace>
		<Replace Tag="LOC_UNIT_MEDICINE_MAN_DESCRIPTION" Language="fr_FR">
			<Text>Unité de support congolaise unique Kongolese remplaçant le médecin mais disponible plus tôt avec la doctric Mysticisme. Doit être acheté avec de la Foi. Les unités adjacente de cavalerie, anti-cavalerie, de combat rapproché et à distance adjacentes génèrent 50% de la [ICON_Strength] Puissance de Combat des unité tuées en [ICON_Faith] foi.</Text>
		</Replace>
		<Replace Tag="LOC_UNIT_SHIGONG_NAME" Language="fr_FR">
			<Text>Shigong</Text>
		</Replace>
		<Replace Tag="LOC_UNIT_SHIGONG_DESCRIPTION" Language="fr_FR">
			<Text>Unité de support chinoise unique disponible avec la doctrine Entraînement Militaire. Les unités adjacente de cavalerie, anti-cavalerie, de combat rapproché et à distance reçoivent +5 de puissance de combat et gagnent plus d'EXP. Nécessite une caserne.</Text>
		</Replace>
		<Replace Tag="LOC_UNIT_SPANISH_CONQUISTADOR_DESCRIPTION" Language="fr_FR">
			<Text>Unité espagnole unique de combat rapproché de l'Ère de la Renaissance qui remplace le mousquetaire. +9 [ICON_Strength] de Puissance de Combat s'il est superposé à un inquisiteur, un missionaire ou un apôtre. Si l'unité capture un ville ou est adjacente à une ville qui est capturée, la ville adopte automatiquement la religion dominante de joueur possédant le conquistador.</Text>
		</Replace>
		<Replace Tag="LOC_UNIT_SNIPER_NAME" Language="fr_FR">
			<Text>Sniper</Text>
		</Replace>
		<Replace Tag="LOC_UNIT_SNIPER_DESCRIPTION" Language="fr_FR">
			<Text>Unité rapide de reconnaissance et de combat à distance de l'Ère atomique. Ne peut se déplacer et attaquer dans le même tour. Obtient +12 [ICON_Ranged] de puissance de combat à distance contre les unités terrestres (à l'exclusion de la cavalerie lourde). Obtient +1 de [ICON_Range] portée sur les collines.</Text>
		</Replace>
		<Replace Tag="LOC_UNIT_EXPLORER_NAME" Language="fr_FR">
			<Text>Aventurier</Text>
		</Replace>
		<Replace Tag="LOC_UNIT_EXPLORER_DESCRIPTION" Language="fr_FR">
			<Text>Unité de reconnaissance rapide de l'Ère de la Renaissance. Ignore les rivières et les coûts de débarquement.</Text>
		</Replace>
		<Replace Tag="LOC_UNIT_MACEMAN_NAME" Language="fr_FR">
			<Text>Spadassin à épée longue</Text>
		</Replace>
		<Replace Tag="LOC_UNIT_MACEMAN_DESCRIPTION" Language="fr_FR">
			<Text>Unité de combat rapproché de l'Ère médievale .</Text>
		</Replace>
		<Replace Tag="PLUS_5_CAPITAL_CONTINENT_COMBAT_BONUS_DESC" Language="fr_FR">
			<Text>+5 [ICON_Strength] de Puissance de Combat sur le continent de la capitale.</Text>
		</Replace>
		<Replace Tag="PLUS_4_VERSUS_MELEE_CAVALRY_COMBAT_BONUS_DESC" Language="fr_FR">
			<Text>+4 [ICON_Strength] de Puissance de Combat contre la cavalerie et les unités de combat rapproché.</Text>
		</Replace>
		<Replace Tag="PLUS_4_LONGBOWMAN_ADJACENCY_COMBAT_BONUS_DESC" Language="fr_FR">
			<Text>+4 [ICON_Strength] de Puissance de Combat à côté d'un archer long.</Text>
		</Replace>
		<Replace Tag="PLUS_5_EQUITE_ADJACENCY_COMBAT_BONUS_DESC" Language="fr_FR">
			<Text>+5 [ICON_Strength] de Puissance de Combat à côté d'une légion ou d'un guerrier.</Text>
		</Replace>
		<Replace Tag="PLUS_5_ZIGURRAT_PROXIMITY_COMBAT_BONUS_DESC" Language="fr_FR">
			<Text>+5 [ICON_Strength] de Puissance de Combat dans un rayon de 8 cases autour d'une Ziggurat.</Text>
		</Replace>
		<Replace Tag="PLUS_8_DESERT_PLAINS_COMBAT_BONUS_DESC" Language="fr_FR">
			<Text>+8 [ICON_Strength] de Puissance de Combat dans le désert ou les plaines.</Text>
		</Replace>
		<Replace Tag="PLUS_5_NOT_OWNER_TERRITORY_COMBAT_BONUS_DESC" Language="fr_FR">
			<Text>+5 [ICON_Strength] de Puissance de Combat hors de ses frontières.</Text>
		</Replace>
		<Replace Tag="PLUS_5_FOREST_JUNGLE_COMBAT_BONUS_DESC" Language="fr_FR">
			<Text>+5 [ICON_Strength] de Puissance de Combat dans la forêt ou la jungle.</Text>
		</Replace>
		<Replace Tag="PLUS_4_VERSUS_MELEE_COMBAT_BONUS_DESC" Language="fr_FR">
			<Text>+4 [ICON_Strength] de Puissance de Combat contre les unités de combat rapproché.</Text>
		</Replace>
		<Replace Tag="PLUS_10_WHEN_DEFENDING_COMBAT_BONUS_DESC" Language="fr_FR">
			<Text>+10 [ICON_Strength] de Puissance de Combat en défendant.</Text>
		</Replace>
		<Replace Tag="PLUS_5_WHEN_ATTACKING_COMBAT_BONUS_DESC" Language="fr_FR">
			<Text>+5 [ICON_Strength] de Puissance de Combat en attaquant.</Text>
		</Replace>
		<Replace Tag="PLUS_5_HILLS_COMBAT_BONUS_DESC" Language="fr_FR">
			<Text>+5 [ICON_Strength] de Puissance de Combat sur les collines.</Text>
		</Replace>
		<Replace Tag="RECEIVE_SHIGONG_COMBAT_BONUS_DESC" Language="fr_FR">
			<Text>+5 [ICON_Strength] de Puissance de Combat venant d'une Shigong.</Text>
		</Replace>
		<Replace Tag="PLUS_5_FOREIGN_COMBAT_BONUS_DESC" Language="fr_FR">
			<Text>+5 [ICON_Strength] de Puissance de Combat sur les continents étrangers.</Text>
		</Replace>
		<Replace Tag="PLUS_5_OTHER_RELIGION_COMBAT_BONUS_DESC" Language="fr_FR">
			<Text>+5 [ICON_Strength] de Puissance de Combat quand l'adversaire n'est pas de la même religion.</Text>
		</Replace>
	</LocalizedText>
</GameData>
