<?xml version="1.0" encoding="utf-8"?>
<GameData>
	<LocalizedText>
		<Replace Tag="LOC_UNIT_CAMEL_ARCHER_NAME" Language="ru_RU">
			<Text>Лучники на верблюдах</Text>
		</Replace>
		<Replace Tag="LOC_UNIT_CAMEL_ARCHER_DESCRIPTION" Language="ru_RU">
			<Text>Арабский уникальный дальнобойный юнит Античности. Получает +8 [ICON_Strength] к боевой мощи в пустыне или на равнине.</Text>
		</Replace>
		<Replace Tag="LOC_UNIT_PELTAST_NAME" Language="ru_RU">
			<Text>Пельтасты</Text>
		</Replace>
		<Replace Tag="LOC_UNIT_PELTAST_DESCRIPTION" Language="ru_RU">
			<Text>Греческий уникальный дальнобойный юнит заменяющий лучников. Отличается сильной стрелковой атакой и повышенной защитой в ближнем бою. Однако радиус поражения цели сокращён на 1.</Text>
		</Replace>
		<Replace Tag="LOC_UNIT_MINUTEMAN_NAME" Language="ru_RU">
			<Text>Минитмены</Text>
		</Replace>
		<Replace Tag="LOC_UNIT_MINUTEMAN_DESCRIPTION" Language="ru_RU">
			<Text>Американский уникальный юнит Промышленной эры заменяющий мушкетеров. Чуть сильнее мушкетеров, получает +5 [ICON_Strength] к боевой мощи, если находится на вашей территории или рядом с ней. Также получает +5 [ICON_Strength] к боевой мощи в лесу или джунглях.</Text>
		</Replace>
		<Replace Tag="LOC_UNIT_LANDSKNECHT_NAME" Language="ru_RU">
			<Text>Ландскнехты</Text>
		</Replace>
		<Replace Tag="LOC_UNIT_LANDSKNECHT_DESCRIPTION" Language="ru_RU">
			<Text>Немецкий уникальный юнит Средневековья заменяющий пикенёров. Стоит ровно в половину дешевле пикенёров, однако может создаваться только за деньги.</Text>
		</Replace>
		<Replace Tag="LOC_UNIT_PHALANX_NAME" Language="ru_RU">
			<Text>Фаланга</Text>
		</Replace>
		<Replace Tag="LOC_UNIT_PHALANX_DESCRIPTION" Language="ru_RU">
			<Text>Шумерский уникальный юнит ближнего боя заменяюший копейщиков. Фаланга становится доступна с открытием технологии "Горное дело". Получает +8 [ICON_Strength] к боевой мощи в пределах 8 клеток от улучшения Зиккурат.</Text>
		</Replace>
		<Replace Tag="LOC_UNIT_CHOKONU_NAME" Language="ru_RU">
			<Text>Чо-ко-ну</Text>
		</Replace>
		<Replace Tag="LOC_UNIT_CHOKONU_DESCRIPTION" Language="ru_RU">
			<Text>Китайский уникальный дальнобойный юнит Средневековья заменяющий арбалетчиков. Чуть слабее арбалетчиков, на может атаковать дважды за ход.</Text>
		</Replace>
		<Replace Tag="LOC_UNIT_RIFLEMAN_NAME" Language="ru_RU">
			<Text>Стрелки</Text>
		</Replace>
		<Replace Tag="LOC_UNIT_RIFLEMAN_DESCRIPTION" Language="ru_RU">
			<Text>Юнит ближнего боя Промышленной эры.</Text>
		</Replace>
		<Replace Tag="LOC_UNIT_JINETE_NAME" Language="ru_RU">
			<Text>Хинеты</Text>
		</Replace>
		<Replace Tag="LOC_UNIT_JINETE_DESCRIPTION" Language="ru_RU">
			<Text>Испанский уникальный дальнобойный юнит заменяющий всадников. Дает [ICON_Faith] веру в размере 50% от [ICON_Strength] боевой мощи побежденного противника на том же континенте, где находится ваша [ICON_Capital] столица.</Text>
		</Replace>
		<Replace Tag="LOC_UNIT_EQUITE_NAME" Language="ru_RU">
			<Text>Эквиты</Text>
		</Replace>
		<Replace Tag="LOC_UNIT_EQUITE_DESCRIPTION" Language="ru_RU">
			<Text>Римский уникальный кавалерийский юнит заменяющий всадников. Получает +5 [ICON_Strength] к боевой мощи рядом с легионом или воином. Дает [ICON_Gold] золото в размере 33% от [ICON_Strength] боевой мощи побежденного противника.</Text>
		</Replace>
		<Replace Tag="LOC_UNIT_DRUZHINA_NAME" Language="ru_RU">
			<Text>Дружина</Text>
		</Replace>
		<Replace Tag="LOC_UNIT_DRUZHINA_DESCRIPTION" Language="ru_RU">
			<Text>Русский уникальный кавалерийский юнит заменяющий всадников. Получает +5 [ICON_Strength] к боевой мощи против поврежденных юнитов и +4 [ICON_Strength] к боевой мощи против юнитов ближнего боя.</Text>
		</Replace>
		<Replace Tag="LOC_UNIT_HIRDMAN_NAME" Language="ru_RU">
			<Text>Хирдманны</Text>
		</Replace>
		<Replace Tag="LOC_UNIT_HIRDMAN_DESCRIPTION" Language="ru_RU">
			<Text>Норвежский уникальный юнит Античности заменяюший мечников. Получает +5 [ICON_Strength] к боевой мощи и дает [ICON_Culture] культуру в размере 50% от [ICON_Strength] боевой мощи побежденного врага, на том же континенте, где находится ваша [ICON_Capital] столица.</Text>
		</Replace>
		<Replace Tag="LOC_UNIT_MUGHAL_SOWAR_NAME" Language="ru_RU">
			<Text>Конница Моголов</Text>
		</Replace>
		<Replace Tag="LOC_UNIT_MUGHAL_SOWAR_DESCRIPTION" Language="ru_RU">
			<Text>Индийский уникальный юнит Средневековья заменяющий рыцарей. Игнорирует штрафы за перемещение по пересечённой местности. Автоматически восстанавливает + 15 единиц здоровья каждый ход, если находится рядом со ступенчатым колодцем.</Text>
		</Replace>
		<Replace Tag="LOC_UNIT_LONGBOWMAN_NAME" Language="ru_RU">
			<Text>Йомены</Text>
		</Replace>
		<Replace Tag="LOC_UNIT_LONGBOWMAN_DESCRIPTION" Language="ru_RU">
			<Text>Английский уникальный дальнобойный юнит Средневековья заменяющий арбалетчиков. Получает +4 [ICON_Strength] к боевой мощи против кавалерии и юнитов ближнего боя, а также +4 [ICON_Strength] к боевой мощи если располагается рядом с другим подразделением йоменов.</Text>
		</Replace>
		<Replace Tag="LOC_UNIT_CUIRASSIER_NAME" Language="ru_RU">
			<Text>Кирасиры</Text>
		</Replace>
		<Replace Tag="LOC_UNIT_CUIRASSIER_DESCRIPTION" Language="ru_RU">
			<Text>Мощная тяжелая кавалерия Промышленной эры.</Text>
		</Replace>
		<Replace Tag="LOC_UNIT_SOHEI_NAME" Language="ru_RU">
			<Text>Сохэй</Text>
		</Replace>
		<Replace Tag="LOC_UNIT_SOHEI_DESCRIPTION" Language="ru_RU">
			<Text>Японский уникальный юнит. Становится доступен с открытием социального института "Феодализм", может быть куплен за очки [ICON_Faith] веры. Получает +10 [ICON_Strength] к боевой мощи при обороне.</Text>
		</Replace>
		<Replace Tag="LOC_UNIT_AMAZON_NAME" Language="ru_RU">
			<Text>Кавалерия амазонок</Text>
		</Replace>
		<Replace Tag="LOC_UNIT_AMAZON_DESCRIPTION" Language="ru_RU">
			<Text>Скифский уникальный кавалерийский юнит Средневековья заменяющий рыцарей. Может перемещаться после атаки.</Text>
		</Replace>
		<Replace Tag="LOC_UNIT_FATHERLAND_VOLUNTEER_NAME" Language="ru_RU">
			<Text>Доброволец отечества</Text>
		</Replace>
		<Replace Tag="LOC_UNIT_FATHERLAND_VOLUNTEER_DESCRIPTION" Language="ru_RU">
			<Text>Бразильский уникальный юнит Промышленной эры заменяющий стрелков. Стоимость производства и плата за содержание снижены по сравнению с обычными стрелками.</Text>
		</Replace>
		<Replace Tag="LOC_UNIT_HYKSOS_BOWMAN_NAME" Language="ru_RU">
			<Text>Гиксосские лучники</Text>
		</Replace>
		<Replace Tag="LOC_UNIT_HYKSOS_BOWMAN_DESCRIPTION" Language="ru_RU">
			<Text>Египетский уникальный дальнобойный юнит, сильнее замещенного лучника.</Text>
		</Replace>
		<Replace Tag="LOC_UNIT_GENDARME_NAME" Language="ru_RU">
			<Text>Жандармерия</Text>
		</Replace>
		<Replace Tag="LOC_UNIT_GENDARME_DESCRIPTION" Language="ru_RU">
			<Text>Французский уникальный кавалерийский юнит Средневековья заменяющий рыцарей. Получает +5 [ICON_Strength] к боевой мощи при атаке.</Text>
		</Replace>
		<Replace Tag="LOC_UNIT_GARDE_REPUBLICAINE_NAME" Language="ru_RU">
			<Text>Республиканская гвардия</Text>
		</Replace>
		<Replace Tag="LOC_UNIT_GARDE_REPUBLICAINE_DESCRIPTION" Language="ru_RU">
			<Text>Конголезский уникальный юнит ближнего боя заменяющий мотопехоту. Получает +10 [ICON_Strength] к боевой мощи при атаке или защите районов.</Text>
		</Replace>
		<Replace Tag="LOC_UNIT_BANDEIRANTE_NAME" Language="ru_RU">
			<Text>Бандейранты</Text>
		</Replace>
		<Replace Tag="LOC_UNIT_BANDEIRANTE_DESCRIPTION" Language="ru_RU">
			<Text>Бразильский уникальный разведывательный юнит эпохи Возрождения заменяющий рейнджера. Становится доступен раньше при открытии технологии "Порох", может строить форты. Дает [ICON_Culture] культуру и [ICON_Gold] золото в размере 25% от [ICON_Strength] боевой мощи побежденного врага.</Text>
		</Replace>
		<Replace Tag="LOC_UNIT_TERCIO_NAME" Language="ru_RU">
			<Text>Терция</Text>
		</Replace>
		<Replace Tag="LOC_UNIT_TERCIO_DESCRIPTION" Language="ru_RU">
			<Text>Испанский уникальный антикавалерийский юнит эпохи Возрождения.</Text>
		</Replace>
		<Replace Tag="LOC_UNIT_SEPOY_NAME" Language="ru_RU">
			<Text>Сипаи</Text>
		</Replace>
		<Replace Tag="LOC_UNIT_SEPOY_DESCRIPTION" Language="ru_RU">
			<Text>Индийский уникальный юнит Промышленной эры заменяющий стрелков. Всегда атакует в полную силу, вне зависимости от полученных ранений.</Text>
		</Replace>
		<Replace Tag="LOC_UNIT_AMAZON_SCOUT_NAME" Language="ru_RU">
			<Text>Разведчицы</Text>
		</Replace>
		<Replace Tag="LOC_UNIT_AMAZON_SCOUT_DESCRIPTION" Language="ru_RU">
			<Text>Скифский уникальный разведывательный юнит Древнего мира, сильнее обычного разведчика.</Text>
		</Replace>
		<Replace Tag="LOC_UNIT_PANZER_NAME" Language="ru_RU">
			<Text>Тигр I</Text>
		</Replace>
		<Replace Tag="LOC_UNIT_PANZER_DESCRIPTION" Language="ru_RU">
			<Text>Немецкий уникальный танк. Получает +5 [ICON_Strength] к боевой мощи при атаке.</Text>
		</Replace>
		<Replace Tag="LOC_UNIT_T34_NAME" Language="ru_RU">
			<Text>T-34</Text>
		</Replace>
		<Replace Tag="LOC_UNIT_T34_DESCRIPTION" Language="ru_RU">
			<Text>Русский уникальный танк с меньшей стоимостью производства и обслуживания. Получает +5 [ICON_Strength] к боевой мощи, если находится на родной территории или рядом с ней.</Text>
		</Replace>
		<Replace Tag="LOC_UNIT_YAMATO_NAME" Language="ru_RU">
			<Text>Ямато</Text>
		</Replace>
		<Replace Tag="LOC_UNIT_YAMATO_DESCRIPTION" Language="ru_RU">
			<Text>Японский уникальный морской дальнобойный юнит, мощнее замещенного линкора.</Text>
		</Replace>
		<Replace Tag="LOC_UNIT_WAR_GALLEY_NAME" Language="ru_RU">
			<Text>Тессараконтера</Text>
		</Replace>
		<Replace Tag="LOC_UNIT_WAR_GALLEY_DESCRIPTION" Language="ru_RU">
			<Text>Египетский уникальный морской дальнобойный юнит заменяющий квадрирему. Обладает большей мощью и увеличенным радиусом дальнобойной атаки.</Text>
		</Replace>
		<Replace Tag="LOC_UNIT_ONAGER_NAME" Language="ru_RU">
			<Text>Онагр</Text>
		</Replace>
		<Replace Tag="LOC_UNIT_ONAGER_DESCRIPTION" Language="ru_RU">
			<Text>Уникальный осадный юнит римской империи, мощнее замещенной катапульты.</Text>
		</Replace>
		<Replace Tag="LOC_UNIT_VULTURE_NAME" Language="ru_RU">
			<Text>Воин-коршун</Text>
		</Replace>
		<Replace Tag="LOC_UNIT_VULTURE_DESCRIPTION" Language="ru_RU">
			<Text>Шумерский уникальный юнит ближнего боя. Получает +5 [ICON_Strength] к боевой мощи против поврежденных юнитов.</Text>
		</Replace>
		<Replace Tag="LOC_UNIT_ARMATOLOS_NAME" Language="ru_RU">
			<Text>Арматолы</Text>
		</Replace>
		<Replace Tag="LOC_UNIT_ARMATOLOS_DESCRIPTION" Language="ru_RU">
			<Text>Греческий уникальный юнит Промышленной эры заменяющий стрелков. Получает +5 [ICON_Strength] к боевой мощи, если находится на холмах. Игнорирует штрафы за перемещение по холмам.</Text>
		</Replace>
		<Replace Tag="LOC_UNIT_FRENCH_MARINE_NAME" Language="ru_RU">
			<Text>Морская пехота</Text>
		</Replace>
		<Replace Tag="LOC_UNIT_FRENCH_MARINE_DESCRIPTION" Language="ru_RU">
			<Text>Французский уникальный юнит эпохи Возрождения заменяющий мушкетеров. Получает +5 [ICON_Strength] к боевой мощи на иностранных континентах. Кроме того не получает штрафа к атаке при высадке с моря или при переходе через реку.</Text>
		</Replace>
		<Replace Tag="LOC_UNIT_GHAZI_NAME" Language="ru_RU">
			<Text>Гази</Text>
		</Replace>
		<Replace Tag="LOC_UNIT_GHAZI_DESCRIPTION" Language="ru_RU">
			<Text>Арабский уникальный юнит Средневековья заменяющий меченосцев. Получает +5 [ICON_Strength] к боевой мощи против войск иноверцев. Дает [ICON_Faith] веру в размере 50% от [ICON_Strength] боевой мощи побежденного врага. Обращает завоёванные города в родную религию. Может быть куплен за очки [ICON_Faith] веры.</Text>
		</Replace>
		<Replace Tag="LOC_UNIT_MEDICINE_MAN_NAME" Language="ru_RU">
			<Text>Нганга</Text>
		</Replace>
		<Replace Tag="LOC_UNIT_MEDICINE_MAN_DESCRIPTION" Language="ru_RU">
			<Text>Конголезский уникальный юнит поддержки заменяющий медика, но появляющийся гораздо раньше с открытием "Мистицизма". Приобретается только за [ICON_Faith] веру. Лечит юниты, кроме того позволяет получать всем юнитам на соседних клетках бонус в виде 50% [ICON_Faith] веры от [ICON_Strength] боевой мощи побеждённых врагов.</Text>
		</Replace>
		<Replace Tag="LOC_UNIT_SHIGONG_NAME" Language="ru_RU">
			<Text>Шигонг</Text>
		</Replace>
		<Replace Tag="LOC_UNIT_SHIGONG_DESCRIPTION" Language="ru_RU">
			<Text>Китайский уникальный юнит поддержки появляющийся с открытием "Военной подготовки". Все юниты на соседних клетках получают +5 [ICON_Strength] к боевой мощи, а также больше очков боевого опыта. Шигонга можно завербовать только в городе с казармами. Лимит 1 шигонг на 1 казарму.</Text>
		</Replace>
		<Replace Tag="LOC_UNIT_SPANISH_CONQUISTADOR_DESCRIPTION" Language="ru_RU">
			<Text>Испанский уникальный юнит эпохи Возрождения заменяющий мушкетеров. Получает +9 [ICON_Strength] к боевой мощи если на одной клетке с ним присутствует миссионер, апостол или инквизитор. Обращает завоёванные города в родную религию.</Text>
		</Replace>
		<Replace Tag="LOC_UNIT_SNIPER_NAME" Language="ru_RU">
			<Text>Снайпер</Text>
		</Replace>
		<Replace Tag="LOC_UNIT_SNIPER_DESCRIPTION" Language="ru_RU">
			<Text>Быстрый дальнобойный юнит эпохи Атома. Получает +12 [ICON_Ranged] к дальнобойной мощи против всех наземных юнитов (кроме тяжёлой кавалерии). Также получает +1 [ICON_Range] к радиусу поражения если занимает позицию на холмах. Не может двигаться после дальнобойной атаки.</Text>
		</Replace>
		<Replace Tag="LOC_UNIT_EXPLORER_NAME" Language="ru_RU">
			<Text>Исследователь</Text>
		</Replace>
		<Replace Tag="LOC_UNIT_EXPLORER_DESCRIPTION" Language="ru_RU">
			<Text>Быстрый разведывательный юнит эпохи Возрождения. Игнорирует штрафы при перемещении через реку. Не тратит очки передвижения при высадке на побережье.</Text>
		</Replace>
		<Replace Tag="LOC_UNIT_MACEMAN_NAME" Language="ru_RU">
			<Text>Меченосец</Text>
		</Replace>
		<Replace Tag="LOC_UNIT_MACEMAN_DESCRIPTION" Language="ru_RU">
			<Text>Юнит ближнего боя эпохи Средневековья.</Text>
		</Replace>
		<Replace Tag="LOC_UNIT_MEDIEVAL_HORSEMAN_NAME" Language="ru_RU">
			<Text>Всадники</Text>
		</Replace>
		<Replace Tag="LOC_UNIT_MEDIEVAL_HORSEMAN_DESCRIPTION" Language="ru_RU">
			<Text>Быстрая легкая кавалерия Средневековья.</Text>
		</Replace>
		<Replace Tag="LOC_UNIT_AMERICAN_AH64_APACHE_NAME" Language="ru_RU">
			<Text>AH-64 Apache</Text>
		</Replace>
		<Replace Tag="LOC_UNIT_AMERICAN_AH64_APACHE_DESCRIPTION" Language="ru_RU">
			<Text>Американский уникальный юнит эпохи Атома. Получает +10 [ICON_Strength] к боевой мощи против тяжёлой кавалерии и танков.</Text>
		</Replace>
		<Replace Tag="LOC_UNIT_ENGLISH_IRONSIDE_NAME" Language="ru_RU">
			<Text>Железнобокие</Text>
		</Replace>
		<Replace Tag="LOC_UNIT_ENGLISH_IRONSIDE_DESCRIPTION" Language="ru_RU">
			<Text>Английский уникальный юнит эпохи Возрождения появляющийся с открытием "Реформации". Получает +5 [ICON_Strength] к боевой мощи на своей территории или рядом с границей, а так же +5 [ICON_Strength] к боевой мощи против войск иноверцев.</Text>
		</Replace>
		<Replace Tag="LOC_UNIT_NORWEGIAN_ULFHEDNAR_NAME" Language="ru_RU">
			<Text>Ульфхеднар</Text>
		</Replace>
		<Replace Tag="LOC_UNIT_NORWEGIAN_ULFHEDNAR_DESCRIPTION" Language="ru_RU">
			<Text>Норвежский уникальный юнит поддержки, появляющийся с открытием "Мистицизма". Все союзные юниты на соседних клетках получают +5 [ICON_Strength] к боевой мощи против неповрежденных юнитов и +10 [ICON_Strength] к боевой мощи против поврежденных юнитов. Кроме того позволяет получать всем юнитам на соседних клетках бонус в виде 50% [ICON_Faith] веры от [ICON_Strength] боевой мощи побеждённых врагов.</Text>
		</Replace>
		<Replace Tag="LOC_UNIT_TREBUCHET_NAME" Language="ru_RU">
			<Text>Требушет</Text>
		</Replace>
		<Replace Tag="LOC_UNIT_TREBUCHET_DESCRIPTION" Language="ru_RU">
			<Text>Мощный осадный юнит Средневековья. Идеален для атаки городов. Не может перемещаться и атаковать в тот же ход, пока не заслужит повышение "Опытная команда".</Text>
		</Replace>
		<Replace Tag="LOC_UNIT_GATLING_GUN_NAME" Language="ru_RU">
			<Text>Пулемет Гатлинга</Text>
		</Replace>
		<Replace Tag="LOC_UNIT_GATLING_GUN_DESCRIPTION" Language="ru_RU">
			<Text>Мощный антикавалерийский юнит Промышленной эры.</Text>
		</Replace>
		<Replace Tag="LOC_UNIT_RECON_NAME" Language="ru_RU">
			<Text>Военная разведка</Text>
		</Replace>
		<Replace Tag="LOC_UNIT_RECON_DESCRIPTION" Language="ru_RU">
			<Text>Быстрый разведывательный юнит Нового времени. Игнорирует штрафы при перемещении через реку. Не тратит очки передвижения при высадке на побережье.</Text>
		</Replace>
		<Replace Tag="LOC_UNIT_MODERN_SNIPER_NAME" Language="ru_RU">
			<Text>Современный снайпер</Text>
		</Replace>
		<Replace Tag="LOC_UNIT_MODERN_SNIPER_DESCRIPTION" Language="ru_RU">
			<Text>Быстрый дальнобойный юнит Информационной эры. Получает +12 [ICON_Ranged] к дальнобойной мощи против всех наземных юнитов (кроме тяжёлой кавалерии). Также получает +1 [ICON_Range] к радиусу поражения если занимает позицию на холмах. Не может двигаться после дальнобойной атаки.</Text>
		</Replace>
		<Replace Tag="LOC_UNIT_MACHINE_GUN_DESCRIPTION" Language="ru_RU">
			<Text>Дальнобойный защитный юнит эпохи Атома. Получает +10 [ICON_Strength] к боевой мощи при обороне.</Text>
		</Replace>
		<Replace Tag="LOC_UNIT_HORSEMAN_NAME" Language="ru_RU">
			<Text>Лёгкая конница</Text>
		</Replace>
		<Replace Tag="LOC_UNIT_INDIAN_VARU_DESCRIPTION" Language="ru_RU">
			<Text>Индийский уникальный юнит Античности. Враги на соседних клетках получают штраф -5 [ICON_STRENGTH] к боевой мощи.</Text>
		</Replace>
		<Replace Tag="PLUS_5_CAPITAL_CONTINENT_COMBAT_BONUS_DESC" Language="ru_RU">
			<Text>+5 [ICON_Strength] к боевой мощи на том же континенте, где находится [ICON_Capital] столица.</Text>
		</Replace>
		<Replace Tag="PLUS_4_VERSUS_MELEE_CAVALRY_COMBAT_BONUS_DESC" Language="ru_RU">
			<Text>+4 [ICON_Strength] к боевой мощи против кавалерии и юнитов ближнего боя.</Text>
		</Replace>
		<Replace Tag="PLUS_4_LONGBOWMAN_ADJACENCY_COMBAT_BONUS_DESC" Language="ru_RU">
			<Text>+4 [ICON_Strength] к боевой мощи рядом с другим подразделением йоменов.</Text>
		</Replace>
		<Replace Tag="PLUS_5_EQUITE_ADJACENCY_COMBAT_BONUS_DESC" Language="ru_RU">
			<Text>+5 [ICON_Strength] к боевой мощи рядом с легионом или воином.</Text>
		</Replace>
		<Replace Tag="PLUS_5_ZIGURRAT_PROXIMITY_COMBAT_BONUS_DESC" Language="ru_RU">
			<Text>+5 [ICON_Strength] к боевой мощи в пределах 8 клеток от улучшения Зиккурат.</Text>
		</Replace>
		<Replace Tag="PLUS_8_DESERT_PLAINS_COMBAT_BONUS_DESC" Language="ru_RU">
			<Text>+8 [ICON_Strength] к боевой мощи в пустыне или на равнине.</Text>
		</Replace>
		<Replace Tag="PLUS_5_NOT_OWNER_TERRITORY_COMBAT_BONUS_DESC" Language="ru_RU">
			<Text>+5 [ICON_Strength] к боевой мощи вне вашей территории.</Text>
		</Replace>
		<Replace Tag="PLUS_5_FOREST_JUNGLE_COMBAT_BONUS_DESC" Language="ru_RU">
			<Text>+5 [ICON_Strength] к боевой мощи в лесу или джунглях.</Text>
		</Replace>
		<Replace Tag="PLUS_4_VERSUS_MELEE_COMBAT_BONUS_DESC" Language="ru_RU">
			<Text>+4 [ICON_Strength] к боевой мощи против юнитов ближнего боя.</Text>
		</Replace>
		<Replace Tag="PLUS_10_WHEN_DEFENDING_COMBAT_BONUS_DESC" Language="ru_RU">
			<Text>+10 [ICON_Strength] к боевой мощи при обороне.</Text>
		</Replace>
		<Replace Tag="PLUS_5_WHEN_ATTACKING_COMBAT_BONUS_DESC" Language="ru_RU">
			<Text>+5 [ICON_Strength] к боевой мощи при атаке.</Text>
		</Replace>
		<Replace Tag="PLUS_5_HILLS_COMBAT_BONUS_DESC" Language="ru_RU">
			<Text>+5 [ICON_Strength] к боевой мощи на холмах.</Text>
		</Replace>
		<Replace Tag="RECEIVE_SHIGONG_COMBAT_BONUS_DESC" Language="ru_RU">
			<Text>+5 [ICON_Strength] к боевой мощи от поддержки Шингонга.</Text>
		</Replace>
		<Replace Tag="PLUS_5_FOREIGN_COMBAT_BONUS_DESC" Language="ru_RU">
			<Text>+5 [ICON_Strength] к боевой мощи на иностранном континенте.</Text>
		</Replace>
		<Replace Tag="PLUS_5_OTHER_RELIGION_COMBAT_BONUS_DESC" Language="ru_RU">
			<Text>+5 [ICON_Strength] к боевой мощи против иноверцев.</Text>
		</Replace>
		<Replace Tag="RECEIVE_NORWEGIAN_ULFHEDNAR_COMBAT_BONUS_DESC" Language="ru_RU">
			<Text>+5 [ICON_Strength] к боевой мощи против неповрежденных юнитов.</Text>
		</Replace>
		<Replace Tag="RECEIVE_NORWEGIAN_ULFHEDNAR_DAMAGED_UNITS_BONUS_DESC" Language="ru_RU">
			<Text>+10 [ICON_Strength] к боевой мощи против поврежденных юнитов.</Text>
		</Replace>
		<Replace Tag="PLUS_10_VS_HEAVY_CAVALRY_COMBAT_BONUS_DESC" Language="ru_RU">
			<Text>+10 [ICON_Strength] к боевой мощи против тяжелой кавалерии.</Text>
		</Replace>
		<Replace Tag="PLUS_15_VS_HEAVY_CAVALRY_COMBAT_BONUS_DESC" Language="ru_RU">
			<Text>+15 [ICON_Strength] к боевой мощи против тяжелой кавалерии.</Text>
		</Replace>
		<Replace Tag="PLUS_20_VS_LIGHT_CAVALRY_COMBAT_BONUS_DESC" Language="ru_RU">
			<Text>+20 [ICON_Strength] к боевой мощи против лёгкой кавалерии.</Text>
		</Replace>
	</LocalizedText>
</GameData>